fastighet,fastighetsadress,lagfaren_agare_eller_rattighetshavare,agarens_postadress,lage,anmarkning
Ängdala 4:12,"Ängdalavägen 2, Åhus",Kristianstads kommun,291 80 Kristianstad,Inom planområdet,"Kommunal mark, tidigare handelsträdgård"
Ängdala 4:30,"Ängdalavägen 4, Åhus",AB Åhushem,"Box 305, 296 23 Åhus",Inom planområdet,Lagfaren ägare
Ängdala s:3,saknas,Ängdala samfällighetsförening (förvaltar samfälligheten),"c/o ordföranden, Strandängsvägen 13, 296 32 Åhus",Inom planområdet,"Dike och grönremsa, delägare Ängdala 4:16–4:29"
Ängdala 4:12,"Ängdalavägen 2, Åhus",Åhus Energinät AB,"Box 44, 296 21 Åhus",Inom planområdet,Ledningsrätt för elkabel
Ängdala 4:16,"Strandängsvägen 1, Åhus",Dödsboet efter Rune Svensson,"c/o Advokatbyrån Hansson, Box 1120, 291 21 Kristianstad",Utanför planområdet,Gränsar till planområdet
Ängdala 4:19,"Strandängsvägen 3, Åhus",Anders Persson,"Strandängsvägen 3, 296 32 Åhus",Utanför planområdet,Gränsar till planområdet
Ängdala 4:20,"Strandängsvägen 5, Åhus",Eva Kronqvist; Mats Kronqvist,"Strandängsvägen 5, 296 32 Åhus",Utanför planområdet,Gränsar till planområdet
Ängdala 4:22,"Strandängsvägen 7, Åhus",Emma Holmqvist,"Strandängsvägen 7, 296 32 Åhus",Utanför planområdet,Gränsar till planområdet
Ängdala 4:27,"Strandängsvägen 9, Åhus",Göran Lindblad; Maj Lindblad,"Strandängsvägen 9, 296 32 Åhus",Utanför planområdet,Gränsar till planområdet
Ängdala 4:28,"Strandängsvägen 11, Åhus",Leila Karimi; Omid Karimi,"Strandängsvägen 11, 296 32 Åhus",Utanför planområdet,Gränsar till planområdet
Ängdala 4:29,"Strandängsvägen 13, Åhus",Kristina Olsson,"Strandängsvägen 13, 296 32 Åhus",Utanför planområdet,Gränsar till planområdet
Ängdala 5:2,"Ängdala gård 1, Åhus",Nils-Åke Jeppsson,"Ängdala gård 1, 296 32 Åhus",Utanför planområdet,"Norr om Ängdalabäcken, berörs av dagvattenutsläpp"
Åhus 5:1,saknas,Trafikverket (väghållare väg 118),"Box 810, 781 28 Borlänge",Utanför planområdet,Vägområde väg 118
