Handlings-ID,Ärendenummer,Ärendemening,Handlingstyp,Handlingsdatum,Registreringsdatum,Avslutsdatum,Klassificering,Fastighet,Sökande,Fil,Filformat,Sekretess,Checksumma SHA-256 (förkortad)
H-104429,MN-2013-000560,"Tillstånd för enskild avloppsanordning, Sundsvall Liden 3:9",Ansökan om tillstånd för avloppsanordning,2013-04-29,2013-04-04,2013-06-20,4.2.1,Sundsvall Liden 3:9,19470607-3600,104429.pdf,PDF/A-1b,Nej,f3c6a79f15b5b4da
H-104430,MN-2013-000560,"Tillstånd för enskild avloppsanordning, Sundsvall Liden 3:9",Situationsplan,2013-05-21,2013-04-04,2013-06-20,4.2.1,Sundsvall Liden 3:9,19470607-3600,104430.pdf,PDF/A-1b,Nej,
H-104431,MN-2013-000560,"Tillstånd för enskild avloppsanordning, Sundsvall Liden 3:9",Beslut om tillstånd,2013-06-06,2013-04-04,2013-06-20,4.2.1,Sundsvall Liden 3:9,19470607-3600,104431.pdf,PDF/A-1b,Nej,afffc5811282a754
H-104433,MN-2013-000560,"Tillstånd för enskild avloppsanordning, Sundsvall Liden 3:9",Delgivningskvitto,2013-06-20,2013-04-04,2013-06-20,4.2.1,Sundsvall Liden 3:9,19470607-3600,104433.pdf,PDF/A-1b,Nej,5071a47e1dcc3be7
H-104435,MN-2013-000560,"Tillstånd för enskild avloppsanordning, Sundsvall Liden 3:9",Avgiftsberäkning,2013-06-20,2013-04-04,2013-06-20,4.2.1,Sundsvall Liden 3:9,19470607-3600,104435.pdf,PDF/A-1b,Nej,ca91bd7e6ea63813
H-104437,MN-2013-000560,"Tillstånd för enskild avloppsanordning, Sundsvall Liden 3:9",E-post om besökstid,2013-06-20,2013-04-04,2013-06-20,4.2.1,Sundsvall Liden 3:9,19470607-3600,104437.pdf,PDF/A-1b,Nej,9ea0784abfdca901
H-104439,MN-2013-000560,"Tillstånd för enskild avloppsanordning, Sundsvall Liden 3:9",Egenkontroll efter utförande,2013-06-20,2013-04-04,2013-06-20,4.2.1,Sundsvall Liden 3:9,19470607-3600,104439.pdf,PDF/A-1b,Nej,f4ae1b71e29a614c
H-104412,MN-2013-001056,"Tillstånd för enskild avloppsanordning, Sundsvall Attmar 4:13",Ansökan om tillstånd för avloppsanordning,2013-08-16,2013-07-18,2014-06-08,4.2.1,Sundsvall Attmar 4:13,19470903-1894,104412.pdf,PDF/A-1b,Nej,e1cebf171386cb7b
H-104413,MN-2013-001056,"Tillstånd för enskild avloppsanordning, Sundsvall Attmar 4:13",Situationsplan,2013-08-24,2013-07-18,2014-06-08,4.2.1,Sundsvall Attmar 4:13,19470903-1894,104413.pdf,PDF/A-1b,Nej,020f6bf18ce07c89
H-104415,MN-2013-001056,"Tillstånd för enskild avloppsanordning, Sundsvall Attmar 4:13",Mottagningsbekräftelse,2013-09-29,2013-07-18,2014-06-08,4.2.1,Sundsvall Attmar 4:13,19470903-1894,104415.pdf,PDF/A-1b,Nej,d44c29432d6305ee
H-104416,MN-2013-001056,"Tillstånd för enskild avloppsanordning, Sundsvall Attmar 4:13",Foton från platsbesök,2013-10-16,2013-07-18,2014-06-08,4.2.1,Sundsvall Attmar 4:13,19470903-1894,104416.tif,TIFF,Nej,55287158ca0b0cb0
H-104417,MN-2013-001056,"Tillstånd för enskild avloppsanordning, Sundsvall Attmar 4:13",Beslut om tillstånd,2013-11-13,2013-07-18,2014-06-08,4.2.1,Sundsvall Attmar 4:13,19470903-1894,104417.pdf,PDF/A-1b,Nej,d7e2ef8664640104
H-104418,MN-2013-001056,"Tillstånd för enskild avloppsanordning, Sundsvall Attmar 4:13",Delgivningskvitto,2013-12-05,2013-07-18,2014-06-08,4.2.1,Sundsvall Attmar 4:13,19470903-1894,104418.pdf,PDF/A-1b,Nej,738d3549943a6f62
H-104419,MN-2013-001056,"Tillstånd för enskild avloppsanordning, Sundsvall Attmar 4:13",Avgiftsberäkning,2014-01-10,2013-07-18,2014-06-08,4.2.1,Sundsvall Attmar 4:13,19470903-1894,104419.pdf,PDF/A-1b,Nej,6b2dec513d13c026
H-104391,MN-2013-001395,"Tillstånd för enskild avloppsanordning, Sundsvall Stöde 7:68",Ansökan om tillstånd för avloppsanordning,2013-09-22,2013-09-18,2014-02-22,4.2.1,Sundsvall Stöde 7:68,19471123-2365,104391.pdf,PDF/A-1b,Nej,62cae1884a96e376
H-104393,MN-2013-001395,"Tillstånd för enskild avloppsanordning, Sundsvall Stöde 7:68",Situationsplan,2013-10-24,2013-09-18,2014-02-22,4.2.1,Sundsvall Stöde 7:68,19471123-2365,104393.pdf,PDF/A-1b,Nej,00aa53bedf308e66
H-104395,MN-2013-001395,"Tillstånd för enskild avloppsanordning, Sundsvall Stöde 7:68",Mottagningsbekräftelse,2013-11-04,2013-09-18,2014-02-22,4.2.1,Sundsvall Stöde 7:68,19471123-2365,104395.pdf,PDF/A-1b,Nej,32ca5d000f7d167f
H-104396,MN-2013-001395,"Tillstånd för enskild avloppsanordning, Sundsvall Stöde 7:68",Beslut om tillstånd,2013-11-26,2013-09-18,2014-02-22,4.2.1,Sundsvall Stöde 7:68,19471123-2365,104396.pdf,PDF/A-1b,Nej,8b5a64c39106aaa4
H-104397,MN-2013-001395,"Tillstånd för enskild avloppsanordning, Sundsvall Stöde 7:68",Delgivningskvitto,2013-12-10,2013-09-18,2014-02-22,4.2.1,Sundsvall Stöde 7:68,19471123-2365,104397.pdf,PDF/A-1b,Nej,5771ae827c7ab5f2
H-104399,MN-2013-001395,"Tillstånd för enskild avloppsanordning, Sundsvall Stöde 7:68",Avgiftsberäkning,2014-01-09,2013-09-18,2014-02-22,4.2.1,Sundsvall Stöde 7:68,19471123-2365,104399.pdf,PDF/A-1b,Nej,7356bc0073982198
H-104401,MN-2013-001395,"Tillstånd för enskild avloppsanordning, Sundsvall Stöde 7:68",Egenkontroll efter utförande,2014-02-12,2013-09-18,2014-02-22,4.2.1,Sundsvall Stöde 7:68,19471123-2365,104401.pdf,PDF/A-1b,Nej,430eba8e31f06155
H-104381,MN-2013-001603,"Tillstånd för enskild avloppsanordning, Sundsvall Lucksta 1:37",Ansökan om tillstånd för avloppsanordning,2013-08-22,2013-07-15,2013-10-11,4.2.1,Sundsvall Lucksta 1:37,19790802-2382,104381.pdf,PDF/A-1b,Nej,bd07bebdd07b54f5
H-104383,MN-2013-001603,"Tillstånd för enskild avloppsanordning, Sundsvall Lucksta 1:37",Situationsplan,2013-08-24,2013-07-15,2013-10-11,4.2.1,Sundsvall Lucksta 1:37,19790802-2382,104383.pdf,PDF/A-1b,Nej,8029c3d98ff4938d
H-104384,MN-2013-001603,"Tillstånd för enskild avloppsanordning, Sundsvall Lucksta 1:37",Mottagningsbekräftelse,2013-09-24,2013-07-15,2013-10-11,4.2.1,Sundsvall Lucksta 1:37,19790802-2382,104384.pdf,PDF/A-1b,Nej,9b39676538c5ec92
H-104385,MN-2013-001603,"Tillstånd för enskild avloppsanordning, Sundsvall Lucksta 1:37",Beslut om tillstånd,2013-10-11,2013-07-15,2013-10-11,4.2.1,Sundsvall Lucksta 1:37,19790802-2382,104385.pdf,PDF/A-1b,Nej,67f7f417f64a501c
H-104387,MN-2013-001603,"Tillstånd för enskild avloppsanordning, Sundsvall Lucksta 1:37",Delgivningskvitto,2013-10-11,2013-07-15,2013-10-11,4.2.1,Sundsvall Lucksta 1:37,19790802-2382,104387.pdf,PDF/A-1b,Nej,ced11a6786170c13
H-104388,MN-2013-001603,"Tillstånd för enskild avloppsanordning, Sundsvall Lucksta 1:37",Avgiftsberäkning,2013-10-11,2013-07-15,2013-10-11,4.2.1,Sundsvall Lucksta 1:37,19790802-2382,104388.pdf,PDF/A-1b,Nej,79001dfaf6cea6c5
H-104389,MN-2013-001603,"Tillstånd för enskild avloppsanordning, Sundsvall Lucksta 1:37",Egenkontroll efter utförande,2013-10-11,2013-07-15,2013-10-11,4.2.1,Sundsvall Lucksta 1:37,19790802-2382,104389.pdf,PDF/A-1b,Nej,8eb1e4de03bacbfd
H-104402,MN-2013-001761,"Tillstånd för enskild avloppsanordning, Sundsvall Tuna 8:75",Ansökan om tillstånd för avloppsanordning,2013-06-13,2013-05-12,2014-02-01,4.2.1,Sundsvall Tuna 8:75,19470321-6749,104402.pdf,PDF/A-1b,Nej,d56333b0fe77b3dd
H-104403,MN-2013-001761,"Tillstånd för enskild avloppsanordning, Sundsvall Tuna 8:75",Situationsplan,2013-07-04,2013-05-12,2014-02-01,4.2.1,Sundsvall Tuna 8:75,19470321-6749,104403.pdf,PDF/A-1b,Nej,6af40d1d4a9372a7
H-104404,MN-2013-001761,"Tillstånd för enskild avloppsanordning, Sundsvall Tuna 8:75",Foton från platsbesök,2013-08-02,2013-05-12,2014-02-01,4.2.1,Sundsvall Tuna 8:75,19470321-6749,104404.tif,TIFF,Nej,966c686afe933fd3
H-104406,MN-2013-001761,"Tillstånd för enskild avloppsanordning, Sundsvall Tuna 8:75",Beslut om tillstånd,,2013-05-12,2014-02-01,4.2.1,Sundsvall Tuna 8:75,19470321-6749,104406.pdf,PDF/A-1b,Nej,5eb4f7990670bdb6
H-104408,MN-2013-001761,"Tillstånd för enskild avloppsanordning, Sundsvall Tuna 8:75",Delgivningskvitto,2013-09-13,2013-05-12,2014-02-01,4.2.1,Sundsvall Tuna 8:75,19470321-6749,104408.pdf,PDF/A-1b,Nej,c4929dea79ca07f4
H-104409,MN-2013-001761,"Tillstånd för enskild avloppsanordning, Sundsvall Tuna 8:75",Avgiftsberäkning,2013-10-22,2013-05-12,2014-02-01,4.2.1,Sundsvall Tuna 8:75,19470321-6749,104409.pdf,PDF/A-1b,Nej,99fcd1396e849f3e
H-104411,MN-2013-001761,"Tillstånd för enskild avloppsanordning, Sundsvall Tuna 8:75",Egenkontroll efter utförande,2013-11-24,2013-05-12,2014-02-01,4.2.1,Sundsvall Tuna 8:75,19470321-6749,104411.pdf,PDF/A-1b,Nej,a8a3a7ef77d69da5
H-104421,MN-2013-001866,"Tillstånd för enskild avloppsanordning, Sundsvall Indal 8:79",Ansökan om tillstånd för avloppsanordning,2013-03-27,2013-03-08,2013-05-09,4.2.1,Sundsvall Indal 8:79,19620619-3143,104421.docx,DOCX,Nej,501abeefcab8a1f9
H-104422,MN-2013-001866,"Tillstånd för enskild avloppsanordning, Sundsvall Indal 8:79",Situationsplan,2013-05-04,2013-03-08,2013-05-09,4.2.1,Sundsvall Indal 8:79,19620619-3143,104422.pdf,PDF/A-1b,Nej,3a633f3586a5aab9
H-104423,MN-2013-001866,"Tillstånd för enskild avloppsanordning, Sundsvall Indal 8:79",Mottagningsbekräftelse,2013-05-09,2013-03-08,2013-05-09,4.2.1,Sundsvall Indal 8:79,19620619-3143,104423.pdf,PDF/A-1b,Nej,d89cdacb48fe89f1
H-104425,MN-2013-001866,"Tillstånd för enskild avloppsanordning, Sundsvall Indal 8:79",Beslut om tillstånd,2013-05-09,2013-03-08,2013-05-09,4.2.1,Sundsvall Indal 8:79,19620619-3143,104425.pdf,PDF/A-1b,Nej,a5e9530b856ac754
H-104426,MN-2013-001866,"Tillstånd för enskild avloppsanordning, Sundsvall Indal 8:79",Delgivningskvitto,2013-05-09,2013-03-08,2013-05-09,4.2.1,Sundsvall Indal 8:79,19620619-3143,104426.pdf,PDF/A-1b,Nej,9304f8c092916df8
H-104427,MN-2013-001866,"Tillstånd för enskild avloppsanordning, Sundsvall Indal 8:79",Avgiftsberäkning,2013-05-09,2013-03-08,2013-05-09,4.2.1,Sundsvall Indal 8:79,19620619-3143,104427.pdf,PDF/A-1b,Nej,58eca38a39f60b2f
H-104428,MN-2013-001866,"Tillstånd för enskild avloppsanordning, Sundsvall Indal 8:79",Egenkontroll efter utförande,2013-05-09,2013-03-08,2013-05-09,4.2.1,Sundsvall Indal 8:79,19620619-3143,104428.pdf,PDF/A-1b,Nej,c7e361a2272235ee
H-104490,MN-2014-000129,"Tillstånd för enskild avloppsanordning, Sundsvall Stöde 1:54",Ansökan om tillstånd för avloppsanordning,2014-04-02,2014-03-07,,4.2.1,Sundsvall Stöde 1:54,19841106-2386,104490.pdf,PDF/A-1b,Nej,9094ff4ba3fc3ff4
H-104491,MN-2014-000129,"Tillstånd för enskild avloppsanordning, Sundsvall Stöde 1:54",Situationsplan,2014-05-11,2014-03-07,,4.2.1,Sundsvall Stöde 1:54,19841106-2386,104491.pdf,PDF/A-1b,Nej,387b4286f511a04d
H-104492,MN-2014-000129,"Tillstånd för enskild avloppsanordning, Sundsvall Stöde 1:54",Mottagningsbekräftelse,2014-06-09,2014-03-07,,4.2.1,Sundsvall Stöde 1:54,19841106-2386,104492.pdf,PDF/A-1b,Nej,d79ec9833dc5a289
H-104494,MN-2014-000129,"Tillstånd för enskild avloppsanordning, Sundsvall Stöde 1:54",Beslut om tillstånd,2014-06-25,2014-03-07,,4.2.1,Sundsvall Stöde 1:54,19841106-2386,104494.pdf,PDF/A-1b,Nej,1bb6613d1536ba5f
H-104496,MN-2014-000129,"Tillstånd för enskild avloppsanordning, Sundsvall Stöde 1:54",Avgiftsberäkning,2014-06-30,2014-03-07,,4.2.1,Sundsvall Stöde 1:54,19841106-2386,104496.pdf,PDF/A-1b,Nej,f0b836987741fec9
H-104440,MN-2014-000849,"Tillstånd för enskild avloppsanordning, Sundsvall Selånger 4:37",Ansökan om tillstånd för avloppsanordning,2014-05-25,2014-05-20,2014-08-04,4.2.1,Sundsvall Selånger 4:37,19471105-2326,104440.pdf,PDF/A-1b,Nej,fea1d59894e556cd
H-104442,MN-2014-000849,"Tillstånd för enskild avloppsanordning, Sundsvall Selånger 4:37",Situationsplan,2014-06-11,2014-05-20,2014-08-04,4.2.1,Sundsvall Selånger 4:37,19471105-2326,104442.pdf,PDF/A-1b,Nej,97ee36ee9f56c7e3
H-104443,MN-2014-000849,"Tillstånd för enskild avloppsanordning, Sundsvall Selånger 4:37",Foton från platsbesök,2014-07-16,2014-05-20,2014-08-04,4.2.1,Sundsvall Selånger 4:37,19471105-2326,104443.tif,TIFF,Nej,294f33eec9f73455
H-104445,MN-2014-000849,"Tillstånd för enskild avloppsanordning, Sundsvall Selånger 4:37",Beslut om tillstånd,2014-07-22,2014-05-20,2014-08-04,4.2.1,Sundsvall Selånger 4:37,19471105-2326,104445.pdf,PDF/A-1b,Nej,c52cd83b7b729052
H-104446,MN-2014-000849,"Tillstånd för enskild avloppsanordning, Sundsvall Selånger 4:37",Delgivningskvitto,2014-08-04,2014-05-20,2014-08-04,4.2.1,Sundsvall Selånger 4:37,19471105-2326,104446.pdf,PDF/A-1b,Nej,0bb3ba6a908eeb8c
H-104448,MN-2014-000849,"Tillstånd för enskild avloppsanordning, Sundsvall Selånger 4:37",Avgiftsberäkning,2014-08-04,2014-05-20,2014-08-04,4.2.1,Sundsvall Selånger 4:37,19471105-2326,104448.pdf,PDF/A-1b,Nej,b0840fdee879dddf
H-104449,MN-2014-000849,"Tillstånd för enskild avloppsanordning, Sundsvall Selånger 4:37",Egenkontroll efter utförande,2014-08-04,2014-05-20,2014-08-04,4.2.1,Sundsvall Selånger 4:37,19471105-2326,104449.pdf,PDF/A-1b,Nej,50789093041d5a64
H-104479,MN-2014-000882,"Tillstånd för enskild avloppsanordning, Sundsvall Lucksta 4:52",Ansökan om tillstånd för avloppsanordning,2014-07-27,2014-07-22,2015-07-01,4.2.1,Sundsvall Lucksta 4:52,19711008-9294,104479.pdf,PDF/A-1b,Nej,75afeaf483edfd46
H-104481,MN-2014-000882,"Tillstånd för enskild avloppsanordning, Sundsvall Lucksta 4:52",Situationsplan,2014-09-02,2014-07-22,2015-07-01,4.2.1,Sundsvall Lucksta 4:52,19711008-9294,104481.pdf,PDF/A-1b,Nej,c24ca3ec848830f8
H-104483,MN-2014-000882,"Tillstånd för enskild avloppsanordning, Sundsvall Lucksta 4:52",Mottagningsbekräftelse,2014-09-20,2014-07-22,2015-07-01,4.2.1,Sundsvall Lucksta 4:52,19711008-9294,104483.pdf,PDF/A-1b,Nej,32401416dacee4c3
H-104484,MN-2014-000882,"Tillstånd för enskild avloppsanordning, Sundsvall Lucksta 4:52",Beslut om tillstånd,2014-09-30,2014-07-22,2015-07-01,4.2.1,Sundsvall Lucksta 4:52,19711008-9294,104484.pdf,PDF/A-1b,Nej,f1a404b492a81755
H-104485,MN-2014-000882,"Tillstånd för enskild avloppsanordning, Sundsvall Lucksta 4:52",Delgivningskvitto,2014-10-20,2014-07-22,2015-07-01,4.2.1,Sundsvall Lucksta 4:52,19711008-9294,104485.pdf,PDF/A-1b,Nej,7091835499209216
H-104487,MN-2014-000882,"Tillstånd för enskild avloppsanordning, Sundsvall Lucksta 4:52",Avgiftsberäkning,2014-11-15,2014-07-22,2015-07-01,4.2.1,Sundsvall Lucksta 4:52,19711008-9294,104487.pdf,PDF/A-1b,Nej,3e9ccb584c1680a5
H-104489,MN-2014-000882,"Tillstånd för enskild avloppsanordning, Sundsvall Lucksta 4:52",Egenkontroll efter utförande,2014-12-06,2014-07-22,2015-07-01,4.2.1,Sundsvall Lucksta 4:52,19711008-9294,104489.pdf,PDF/A-1b,Nej,51ae58dffc012fe7
H-104460,MN-2014-001285,"Tillstånd för enskild avloppsanordning, Sundsvall Njurunda 1:19",Ansökan om tillstånd för avloppsanordning,2014-09-27,2014-09-01,2015-08-04,4.2.1,Sundsvall Njurunda 1:19,19470812-2694,104460.pdf,PDF/A-1b,Nej,d8a3787b020c8d5c
H-104461,MN-2014-001285,"Tillstånd för enskild avloppsanordning, Sundsvall Njurunda 1:19",Situationsplan,2014-09-28,2014-09-01,2015-08-04,4.2.1,Sundsvall Njurunda 1:19,19470812-2694,104461.pdf,PDF/A-1b,Nej,7d6ecce70894c197
H-104463,MN-2014-001285,"Tillstånd för enskild avloppsanordning, Sundsvall Njurunda 1:19",Mottagningsbekräftelse,2014-11-04,2014-09-01,2015-08-04,4.2.1,Sundsvall Njurunda 1:19,19470812-2694,104463.pdf,PDF/A-1b,Nej,595e929bc22bc020
H-104464,MN-2014-001285,"Tillstånd för enskild avloppsanordning, Sundsvall Njurunda 1:19",Foton från platsbesök,2014-12-13,2014-09-01,2015-08-04,4.2.1,Sundsvall Njurunda 1:19,19470812-2694,104464.tif,TIFF,Nej,44331afb0b08aa82
H-104466,MN-2014-001285,"Tillstånd för enskild avloppsanordning, Sundsvall Njurunda 1:19",Beslut om tillstånd,2015-01-16,2014-09-01,2015-08-04,4.2.1,Sundsvall Njurunda 1:19,19470812-2694,104466.pdf,PDF/A-1b,Nej,bf1baa30f72825ef
H-104468,MN-2014-001285,"Tillstånd för enskild avloppsanordning, Sundsvall Njurunda 1:19",Avgiftsberäkning,2015-01-26,2014-09-01,2015-08-04,4.2.1,Sundsvall Njurunda 1:19,19470812-2694,104468.pdf,PDF/A-1b,Nej,ac0a3eaaa71213fb
H-104469,MN-2014-001285,"Tillstånd för enskild avloppsanordning, Sundsvall Njurunda 1:19",Egenkontroll efter utförande,2015-02-07,2014-09-01,2015-08-04,4.2.1,Sundsvall Njurunda 1:19,19470812-2694,104469.pdf,PDF/A-1b,Nej,2de7ed8f53fd56f8
H-104450,MN-2014-001752,"Tillstånd för enskild avloppsanordning, Sundsvall Alnö 2:3",Ansökan om tillstånd för avloppsanordning,2014-03-17,2014-02-23,2014-06-10,4.2.1,Sundsvall Alnö 2:3,556612-4408,104450.pdf,PDF/A-1b,Nej,f9a8842149fe3ce1
H-104452,MN-2014-001752,"Tillstånd för enskild avloppsanordning, Sundsvall Alnö 2:3",Situationsplan,2014-03-18,2014-02-23,2014-06-10,4.2.1,Sundsvall Alnö 2:3,556612-4408,104452.pdf,PDF/A-1b,Nej,43c983c3092293c0
H-104454,MN-2014-001752,"Tillstånd för enskild avloppsanordning, Sundsvall Alnö 2:3",Mottagningsbekräftelse,2014-03-19,2014-02-23,2014-06-10,4.2.1,Sundsvall Alnö 2:3,556612-4408,104454.pdf,PDF/A-1b,Nej,0224bc638722ef5e
H-104455,MN-2014-001752,"Tillstånd för enskild avloppsanordning, Sundsvall Alnö 2:3",Beslut om tillstånd,2014-03-22,2014-02-23,2014-06-10,4.2.1,Sundsvall Alnö 2:3,556612-4408,104455.pdf,PDF/A-1b,Nej,d83e41e47a6ce811
H-104456,MN-2014-001752,"Tillstånd för enskild avloppsanordning, Sundsvall Alnö 2:3",Delgivningskvitto,2014-04-19,2014-02-23,2014-06-10,4.2.1,Sundsvall Alnö 2:3,556612-4408,104456.pdf,PDF/A-1b,Nej,4372f28c6a8dee4a
H-104457,MN-2014-001752,"Tillstånd för enskild avloppsanordning, Sundsvall Alnö 2:3",Avgiftsberäkning,2014-05-11,2014-02-23,2014-06-10,4.2.1,Sundsvall Alnö 2:3,556612-4408,104457.pdf,PDF/A-1b,Nej,fd536d8156bed30d
H-104459,MN-2014-001752,"Tillstånd för enskild avloppsanordning, Sundsvall Alnö 2:3",Egenkontroll efter utförande,2014-06-10,2014-02-23,2014-06-10,4.2.1,Sundsvall Alnö 2:3,556612-4408,104459.pdf,PDF/A-1b,Nej,927c1575b0b063c4
H-104470,MN-2014-001877,"Tillstånd för enskild avloppsanordning, Sundsvall Hässjö 6:66",Ansökan om tillstånd för avloppsanordning,2014-05-07,2014-04-19,2015-03-19,4.2.1,Sundsvall Hässjö 6:66,19470122-2798,104470.docx,DOCX,Nej,ec5c596e83fe71b6
H-104471,MN-2014-001877,"Tillstånd för enskild avloppsanordning, Sundsvall Hässjö 6:66",Situationsplan,2014-05-11,2014-04-19,2015-03-19,4.2.1,Sundsvall Hässjö 6:66,19470122-2798,104471.pdf,PDF/A-1b,Nej,d241991b7c9b6d21
H-104472,MN-2014-001877,"Tillstånd för enskild avloppsanordning, Sundsvall Hässjö 6:66",Mottagningsbekräftelse,2014-05-15,2014-04-19,2015-03-19,4.2.1,Sundsvall Hässjö 6:66,19470122-2798,104472.pdf,PDF/A-1b,Nej,87f6cb3abf390b1b
H-104473,MN-2014-001877,"Tillstånd för enskild avloppsanordning, Sundsvall Hässjö 6:66",Beslut om tillstånd,2014-05-18,2014-04-19,2015-03-19,4.2.1,Sundsvall Hässjö 6:66,19470122-2798,104473.pdf,PDF/A-1b,Nej,db03351119669de1
H-104474,MN-2014-001877,"Tillstånd för enskild avloppsanordning, Sundsvall Hässjö 6:66",Delgivningskvitto,2014-05-20,2014-04-19,2015-03-19,4.2.1,Sundsvall Hässjö 6:66,19470122-2798,104474.pdf,PDF/A-1b,Nej,4198326f7e89873a
H-104476,MN-2014-001877,"Tillstånd för enskild avloppsanordning, Sundsvall Hässjö 6:66",Avgiftsberäkning,2014-06-25,2014-04-19,2015-03-19,4.2.1,Sundsvall Hässjö 6:66,19470122-2798,104476.pdf,PDF/A-1b,Nej,9036b413854619c0
H-104478,MN-2014-001877,"Tillstånd för enskild avloppsanordning, Sundsvall Hässjö 6:66",E-post om besökstid,2014-07-01,2014-04-19,2015-03-19,4.2.1,Sundsvall Hässjö 6:66,19470122-2798,104478.pdf,PDF/A-1b,Nej,2fe6ee93b7c79f5e
H-104505,MN-2015-000507,"Tillstånd för enskild avloppsanordning, Sundsvall Attmar 4:6",Ansökan om tillstånd för avloppsanordning,2015-04-21,2015-03-26,2015-06-04,4.2.1,Sundsvall Attmar 4:6,19470122-2798,104505.pdf,PDF/A-1b,Nej,aef188c2059d9766
H-104506,MN-2015-000507,"Tillstånd för enskild avloppsanordning, Sundsvall Attmar 4:6",Situationsplan,2015-05-12,2015-03-26,2015-06-04,4.2.1,Sundsvall Attmar 4:6,19470122-2798,104506.pdf,PDF/A-1b,Nej,3a234b54132adc26
H-104508,MN-2015-000507,"Tillstånd för enskild avloppsanordning, Sundsvall Attmar 4:6",Foton från platsbesök,2015-06-04,2015-03-26,2015-06-04,4.2.1,Sundsvall Attmar 4:6,19470122-2798,104508.tif,TIFF,Nej,27c12d62cb1c762e
H-104510,MN-2015-000507,"Tillstånd för enskild avloppsanordning, Sundsvall Attmar 4:6",Beslut om tillstånd,2015-06-04,2015-03-26,2015-06-04,4.2.1,Sundsvall Attmar 4:6,19470122-2798,104510.pdf,PDF/A-1b,Nej,6abe00562575ddbd
H-104511,MN-2015-000507,"Tillstånd för enskild avloppsanordning, Sundsvall Attmar 4:6",Delgivningskvitto,2015-06-04,2015-03-26,2015-06-04,4.2.1,Sundsvall Attmar 4:6,19470122-2798,104511.pdf,PDF/A-1b,Nej,87a5e78e03088f86
H-104513,MN-2015-000507,"Tillstånd för enskild avloppsanordning, Sundsvall Attmar 4:6",Avgiftsberäkning,2015-06-04,2015-03-26,2015-06-04,4.2.1,Sundsvall Attmar 4:6,19470122-2798,104513.pdf,PDF/A-1b,Nej,228d652683985bc4
H-104514,MN-2015-000507,"Tillstånd för enskild avloppsanordning, Sundsvall Attmar 4:6",E-post om besökstid,2015-06-04,2015-03-26,2015-06-04,4.2.1,Sundsvall Attmar 4:6,19470122-2798,104514.pdf,PDF/A-1b,Nej,bbe5bf7ebfdefb82
H-104516,MN-2015-000507,"Tillstånd för enskild avloppsanordning, Sundsvall Attmar 4:6",Egenkontroll efter utförande,2015-06-04,2015-03-26,2015-06-04,4.2.1,Sundsvall Attmar 4:6,19470122-2798,104516.pdf,PDF/A-1b,Nej,22f42411b8681fe9
H-104552,MN-2015-000799,"Tillstånd för enskild avloppsanordning, Sundsvall Alnö 7:59",Ansökan om tillstånd för avloppsanordning,2015-03-19,2015-03-11,2016-02-11,4.2.1,Sundsvall Alnö 7:59,19841215-2392,104552.pdf,PDF/A-1b,Nej,e06903d8980d7ef1
H-104554,MN-2015-000799,"Tillstånd för enskild avloppsanordning, Sundsvall Alnö 7:59",Situationsplan,2015-04-03,2015-03-11,2016-02-11,4.2.1,Sundsvall Alnö 7:59,19841215-2392,104554.pdf,PDF/A-1b,Nej,a8bd6ed5c707d837
H-104555,MN-2015-000799,"Tillstånd för enskild avloppsanordning, Sundsvall Alnö 7:59",Mottagningsbekräftelse,2015-05-07,2015-03-11,2016-02-11,4.2.1,Sundsvall Alnö 7:59,19841215-2392,104555.pdf,PDF/A-1b,Nej,0a3ea8cbb6f8b99a
H-104557,MN-2015-000799,"Tillstånd för enskild avloppsanordning, Sundsvall Alnö 7:59",Foton från platsbesök,2015-05-23,2015-03-11,2016-02-11,4.2.1,Sundsvall Alnö 7:59,19841215-2392,104557.tif,TIFF,Nej,9b18c966cc3ffbae
H-104558,MN-2015-000799,"Tillstånd för enskild avloppsanordning, Sundsvall Alnö 7:59",Beslut om tillstånd,2015-06-08,2015-03-11,2016-02-11,4.2.1,Sundsvall Alnö 7:59,19841215-2392,104558.pdf,PDF/A-1b,Nej,aa9a009972392120
H-104560,MN-2015-000799,"Tillstånd för enskild avloppsanordning, Sundsvall Alnö 7:59",Avgiftsberäkning,2015-07-14,2015-03-11,2016-02-11,4.2.1,Sundsvall Alnö 7:59,19841215-2392,104560.pdf,PDF/A-1b,Nej,3021823f4870349b
H-104498,MN-2015-000804,"Tillstånd för enskild avloppsanordning, Sundsvall Tuna 3:27",Ansökan om tillstånd för avloppsanordning,2015-06-28,2015-05-24,2015-10-29,4.2.1,Sundsvall Tuna 3:27,19710101-9045,104498.pdf,PDF/A-1b,Nej,e727c277bfcec8fe
H-104499,MN-2015-000804,"Tillstånd för enskild avloppsanordning, Sundsvall Tuna 3:27",Situationsplan,2015-07-26,2015-05-24,2015-10-29,4.2.1,Sundsvall Tuna 3:27,19710101-9045,104499.pdf,PDF/A-1b,Nej,7ea9f4f10fbc3d58
H-104500,MN-2015-000804,"Tillstånd för enskild avloppsanordning, Sundsvall Tuna 3:27",Mottagningsbekräftelse,2015-08-15,2015-05-24,2015-10-29,4.2.1,Sundsvall Tuna 3:27,19710101-9045,104500.pdf,PDF/A-1b,Nej,e99de4e8937be45f
H-104501,MN-2015-000804,"Tillstånd för enskild avloppsanordning, Sundsvall Tuna 3:27",Beslut om tillstånd,2015-08-28,2015-05-24,2015-10-29,4.2.1,Sundsvall Tuna 3:27,19710101-9045,104501.pdf,PDF/A-1b,Nej,70014ff096506d73
H-104503,MN-2015-000804,"Tillstånd för enskild avloppsanordning, Sundsvall Tuna 3:27",Delgivningskvitto,2015-09-20,2015-05-24,2015-10-29,4.2.1,Sundsvall Tuna 3:27,19710101-9045,104503.pdf,PDF/A-1b,Nej,86ffaa6c8f78dc85
H-104504,MN-2015-000804,"Tillstånd för enskild avloppsanordning, Sundsvall Tuna 3:27",Avgiftsberäkning,2015-09-28,2015-05-24,2015-10-29,4.2.1,Sundsvall Tuna 3:27,19710101-9045,104504.pdf,PDF/A-1b,Nej,f0fef4b38adfec5e
H-104518,MN-2015-000883,"Tillstånd för enskild avloppsanordning, Sundsvall Indal 7:72",Ansökan om tillstånd för avloppsanordning,2015-06-13,2015-05-26,2016-02-11,4.2.1,Sundsvall Indal 7:72,19711019-9788,104518.pdf,PDF/A-1b,Nej,8ba1351bdbddb0d9
H-104520,MN-2015-000883,"Tillstånd för enskild avloppsanordning, Sundsvall Indal 7:72",Situationsplan,2015-07-21,2015-05-26,2016-02-11,4.2.1,Sundsvall Indal 7:72,19711019-9788,104520.pdf,PDF/A-1b,Nej,301d40d0d410e0ab
H-104522,MN-2015-000883,"Tillstånd för enskild avloppsanordning, Sundsvall Indal 7:72",Mottagningsbekräftelse,2015-08-11,2015-05-26,2016-02-11,4.2.1,Sundsvall Indal 7:72,19711019-9788,104522.pdf,PDF/A-1b,Nej,8e37eac9bf666c3f
H-104524,MN-2015-000883,"Tillstånd för enskild avloppsanordning, Sundsvall Indal 7:72",Foton från platsbesök,2015-09-11,2015-05-26,2016-02-11,4.2.1,Sundsvall Indal 7:72,19711019-9788,104524.tif,TIFF,Nej,25c4a48fd3a2a28b
H-104526,MN-2015-000883,"Tillstånd för enskild avloppsanordning, Sundsvall Indal 7:72",Beslut om tillstånd,2015-10-10,2015-05-26,2016-02-11,4.2.1,Sundsvall Indal 7:72,19711019-9788,104526.pdf,PDF/A-1b,Nej,5ebf287172b69afc
H-104527,MN-2015-000883,"Tillstånd för enskild avloppsanordning, Sundsvall Indal 7:72",Delgivningskvitto,2015-10-29,2015-05-26,2016-02-11,4.2.1,Sundsvall Indal 7:72,19711019-9788,104527.pdf,PDF/A-1b,Nej,6064c65b044d7114
H-104529,MN-2015-000883,"Tillstånd för enskild avloppsanordning, Sundsvall Indal 7:72",Avgiftsberäkning,2015-11-21,2015-05-26,2016-02-11,4.2.1,Sundsvall Indal 7:72,19711019-9788,104529.pdf,PDF/A-1b,Nej,0d72f98432a9cfda
H-104530,MN-2015-000883,"Tillstånd för enskild avloppsanordning, Sundsvall Indal 7:72",Egenkontroll efter utförande,2015-12-15,2015-05-26,2016-02-11,,Sundsvall Indal 7:72,19711019-9788,104530.pdf,PDF/A-1b,Nej,0ad984225417f72d
H-104542,MN-2015-000998,"Tillstånd för enskild avloppsanordning, Sundsvall Selånger 1:29",Ansökan om tillstånd för avloppsanordning,2015-05-25,2015-04-26,2015-08-21,4.2.1,Sundsvall Selånger 1:29,19840209-2392,104542.pdf,PDF/A-1b,Nej,205a986d9152eebe
H-104543,MN-2015-000998,"Tillstånd för enskild avloppsanordning, Sundsvall Selånger 1:29",Situationsplan,2015-06-08,2015-04-26,2015-08-21,4.2.1,Sundsvall Selånger 1:29,19840209-2392,104543.pdf,PDF/A-1b,Nej,034448f491831efb
H-104545,MN-2015-000998,"Tillstånd för enskild avloppsanordning, Sundsvall Selånger 1:29",Beslut om tillstånd,2015-07-14,2015-04-26,2015-08-21,4.2.1,Sundsvall Selånger 1:29,19840209-2392,104545.pdf,PDF/A-1b,Nej,04bf5de43972b0f9
H-104547,MN-2015-000998,"Tillstånd för enskild avloppsanordning, Sundsvall Selånger 1:29",Delgivningskvitto,2015-08-02,2015-04-26,2015-08-21,4.2.1,Sundsvall Selånger 1:29,19840209-2392,104547.pdf,PDF/A-1b,Nej,9e8269e8072651c3
H-104549,MN-2015-000998,"Tillstånd för enskild avloppsanordning, Sundsvall Selånger 1:29",Avgiftsberäkning,2015-08-21,2015-04-26,2015-08-21,4.2.1,Sundsvall Selånger 1:29,19840209-2392,104549.pdf,PDF/A-1b,Nej,9bd702c2a29eab95
H-104550,MN-2015-000998,"Tillstånd för enskild avloppsanordning, Sundsvall Selånger 1:29",Egenkontroll efter utförande,2015-08-21,2015-04-26,2015-08-21,4.2.1,Sundsvall Selånger 1:29,19840209-2392,104550.pdf,PDF/A-1b,Nej,7989ae642131539a
H-104531,MN-2015-001659,"Tillstånd för enskild avloppsanordning, Sundsvall Liden 8:68",Ansökan om tillstånd för avloppsanordning,2015-05-05,2015-04-20,2015-09-18,4.2.1,Sundsvall Liden 8:68,19790329-2386,104531.pdf,PDF/A-1b,Nej,768f32da887d6eb8
H-104532,MN-2015-001659,"Tillstånd för enskild avloppsanordning, Sundsvall Liden 8:68",Situationsplan,2015-05-28,2015-04-20,2015-09-18,4.2.1,Sundsvall Liden 8:68,19790329-2386,104532.pdf,PDF/A-1b,Nej,9a5619453be0747a
H-104534,MN-2015-001659,"Tillstånd för enskild avloppsanordning, Sundsvall Liden 8:68",Mottagningsbekräftelse,2015-07-05,2015-04-20,2015-09-18,4.2.1,Sundsvall Liden 8:68,19790329-2386,104534.pdf,PDF/A-1b,Nej,4f1abba5e34c1107
H-104536,MN-2015-001659,"Tillstånd för enskild avloppsanordning, Sundsvall Liden 8:68",Foton från platsbesök,2015-07-28,2015-04-20,2015-09-18,4.2.1,Sundsvall Liden 8:68,19790329-2386,104536.tif,TIFF,Nej,04193c1f1d0115d9
H-104538,MN-2015-001659,"Tillstånd för enskild avloppsanordning, Sundsvall Liden 8:68",Beslut om tillstånd,2015-08-08,2015-04-20,2015-09-18,4.2.1,Sundsvall Liden 8:68,19790329-2386,104538.pdf,PDF/A-1b,Nej,3df6ce04d3154ac9
H-104539,MN-2015-001659,"Tillstånd för enskild avloppsanordning, Sundsvall Liden 8:68",Delgivningskvitto,2015-09-08,2015-04-20,2015-09-18,4.2.1,Sundsvall Liden 8:68,19790329-2386,104539.pdf,PDF/A-1b,Nej,6c776c1e2cc646af
H-104540,MN-2015-001659,"Tillstånd för enskild avloppsanordning, Sundsvall Liden 8:68",Avgiftsberäkning,2015-09-18,2015-04-20,2015-09-18,4.2.1,Sundsvall Liden 8:68,19790329-2386,104540.pdf,PDF/A-1b,Nej,7428351a859b935c
H-104541,MN-2015-001659,"Tillstånd för enskild avloppsanordning, Sundsvall Liden 8:68",Egenkontroll efter utförande,2015-09-18,2015-04-20,2015-09-18,4.2.1,Sundsvall Liden 8:68,19790329-2386,104541.pdf,PDF/A-1b,Nej,80de4c40318b3aea
H-104561,MN-2016-001154,"Tillstånd för enskild avloppsanordning, Sundsvall Njurunda 6:41",Ansökan om tillstånd för avloppsanordning,2016-04-14,2016-04-11,2016-11-14,4.2.1,Sundsvall Njurunda 6:41,19471212-2235,104561.pdf,PDF/A-1b,Nej,11745bb2d659ebb7
H-104562,MN-2016-001154,"Tillstånd för enskild avloppsanordning, Sundsvall Njurunda 6:41",Situationsplan,2016-05-06,2016-04-11,2016-11-14,4.2.1,Sundsvall Njurunda 6:41,19471212-2235,104562.pdf,PDF/A-1b,Nej,0701b835b11b042d
H-104564,MN-2016-001154,"Tillstånd för enskild avloppsanordning, Sundsvall Njurunda 6:41",Mottagningsbekräftelse,2016-05-30,2016-04-11,2016-11-14,4.2.1,Sundsvall Njurunda 6:41,19471212-2235,104564.pdf,PDF/A-1b,Nej,afa466c2971c7792
H-104566,MN-2016-001154,"Tillstånd för enskild avloppsanordning, Sundsvall Njurunda 6:41",Foton från platsbesök,2016-06-20,2016-04-11,2016-11-14,4.2.1,Sundsvall Njurunda 6:41,19471212-2235,104566.tif,TIFF,Nej,c8cfae44d48c20a5
H-104567,MN-2016-001154,"Tillstånd för enskild avloppsanordning, Sundsvall Njurunda 6:41",Beslut om tillstånd,2016-06-21,2016-04-11,2016-11-14,4.2.1,Sundsvall Njurunda 6:41,19471212-2235,104567.pdf,PDF/A-1b,Nej,b651d69c20ecd979
H-104569,MN-2016-001154,"Tillstånd för enskild avloppsanordning, Sundsvall Njurunda 6:41",Avgiftsberäkning,2016-07-18,2016-04-11,2016-11-14,4.2.1,Sundsvall Njurunda 6:41,19471212-2235,104569.pdf,PDF/A-1b,Nej,e33377ea17f307cf
H-104570,MN-2016-001154,"Tillstånd för enskild avloppsanordning, Sundsvall Njurunda 6:41",E-post om besökstid,2016-08-10,2016-04-11,2016-11-14,4.2.1,Sundsvall Njurunda 6:41,19471212-2235,104570.pdf,PDF/A-1b,Nej,52c130feba6aa293
H-104571,MN-2016-001154,"Tillstånd för enskild avloppsanordning, Sundsvall Njurunda 6:41",Egenkontroll efter utförande,2016-09-01,2016-04-11,2016-11-14,4.2.1,Sundsvall Njurunda 6:41,19471212-2235,104571.pdf,PDF/A-1b,Nej,5a0d2e347b26fee4
H-104572,MN-2016-001584,"Tillstånd för enskild avloppsanordning, Sundsvall Hässjö 7:33",Ansökan om tillstånd för avloppsanordning,2016-02-09,2016-01-18,2016-03-02,4.2.1,Sundsvall Hässjö 7:33,19621126-2834,104572.pdf,PDF/A-1b,Nej,2a18531473182ada
H-104573,MN-2016-001584,"Tillstånd för enskild avloppsanordning, Sundsvall Hässjö 7:33",Situationsplan,2016-03-02,2016-01-18,2016-03-02,4.2.1,Sundsvall Hässjö 7:33,19621126-2834,104573.pdf,PDF/A-1b,Nej,5d8ce407e9bc2474
H-104574,MN-2016-001584,"Tillstånd för enskild avloppsanordning, Sundsvall Hässjö 7:33",Mottagningsbekräftelse,2016-03-02,2016-01-18,2016-03-02,4.2.1,Sundsvall Hässjö 7:33,19621126-2834,104574.pdf,PDF/A-1b,Nej,2522a9eb9dad3a4b
H-104576,MN-2016-001584,"Tillstånd för enskild avloppsanordning, Sundsvall Hässjö 7:33",Beslut om tillstånd,2016-03-02,2016-01-18,2016-03-02,4.2.1,Sundsvall Hässjö 7:33,19621126-2834,104576.pdf,PDF/A-1b,Nej,3cafe6b52fcb3df7
H-104578,MN-2016-001584,"Tillstånd för enskild avloppsanordning, Sundsvall Hässjö 7:33",Delgivningskvitto,2016-03-02,2016-01-18,2016-03-02,4.2.1,Sundsvall Hässjö 7:33,19621126-2834,104578.pdf,PDF/A-1b,Nej,29d0772f68362e45
H-104579,MN-2016-001584,"Tillstånd för enskild avloppsanordning, Sundsvall Hässjö 7:33",Avgiftsberäkning,2016-03-02,2016-01-18,2016-03-02,4.2.1,Sundsvall Hässjö 7:33,19621126-2834,104579.pdf,PDF/A-1b,Nej,2235036e0264a8ff
H-104580,MN-2016-001584,"Tillstånd för enskild avloppsanordning, Sundsvall Hässjö 7:33",Egenkontroll efter utförande,2016-03-02,2016-01-18,2016-03-02,4.2.1,Sundsvall Hässjö 7:33,19621126-2834,104580.pdf,PDF/A-1b,Nej,3c9bf3c9b330f6a2
