Löpnr,Beslutsdatum,Ärendenummer,Delegationspunkt,Ärende,Lagrum,Beslutsfattare,Befattning,Belopp exkl. moms (kr),Klient/Motpart,Personnr/Orgnr,Beslut
1,2026-08-03,BIS-2026-04288,3.1,Hemtjänst,11 kap. 1 § SoL,Karin Bäckström,Biståndshandläggare,,Evert Nyström,19340412-9094,Bifall
2,2026-08-04,BIS-2026-04301,3.3,Särskild boendeform för äldre,11 kap. 1 § SoL,Maria Öberg,Biståndshandläggare,,Ingrid Sandberg,19320319-9108,Bifall
3,2026-08-05,BIS-2026-04310,3.6,Trygghetslarm,11 kap. 1 § SoL,Karin Bäckström,Biståndshandläggare,,Rut Håkansson,19331204-9244,Bifall
4,2026-08-05,VON 2026/00571,7.1,"Direktupphandling av arbetskläder, Solgårdens vård- och omsorgsboende",19 kap. LOU,Karin Åström,Enhetschef,99800,Arbetsklädeshuset Norr AB,556812-3374,Tilldelning
5,2026-08-06,BIS-2026-04322,3.1,Hemtjänst,4 kap. 1 § SoL,Jonas Lind,Biståndshandläggare,,Sven-Åke Berglund,19370122-9076,Bifall
6,2026-08-07,BIS-2026-04333,3.5,Korttidsvistelse,4 kap. 1 § SoL,Jonas Lind,Biståndshandläggare,,Gerda Lindqvist,19340720-7020,Bifall
7,2026-08-10,LSS-2026-00541,4.1,Personlig assistans,9 § 2 LSS,Sara Hedlund,LSS-handläggare,,Emil Forsgren,19650515-3293,Bifall
8,2026-08-11,BIS-2026-04417,3.4,Särskild boendeform för äldre,11 kap. 1 § SoL,Maria Öberg,Biståndshandläggare,,Astrid Wikman,19350216-8788,Avslag
9,2026-08-12,BIS-2026-04428,3.2,Hemtjänst,11 kap. 1 § SoL,Lena Sjöström,Enhetschef myndighetsenheten,,Bertil Holm,19340617-8354,Avslag
10,2026-08-12,VON 2026/00588,7.1,"Direktupphandling av möbler till dagrum, Björkbackens äldreboende",19 kap. LOU,Tobias Grahn,Enhetschef,186400,Inredningsfabriken i Timrå AB,556904-2218,Tilldelning
11,2026-08-13,BIS-2026-04436,3.4,Särskild boendeform för äldre,11 kap. 1 § SoL,Per Wikström,Verksamhetschef myndighet,,Elsa Norberg,19270917-9226,Avslag
12,2026-08-14,AVG-2026-01187,5.1,Avgift för hemtjänst,32 kap. SoL,Emma Nilsson,Avgiftshandläggare,,Evert Nyström,19340412-9094,Avgift fastställd
13,2026-08-14,AVG-2026-01188,5.2,Nedsättning av avgift,32 kap. SoL,Anders Holm,Enhetschef avgiftsenheten,,Rut Håkansson,19331204-9244,Bifall
14,2026-08-17,BIS-2026-04452,3.1,Hemtjänst,4 kap. 1 § SoL,Jonas Lind,Biståndshandläggare,,Harald Ek,19290618-8798,Bifall
15,2026-08-18,LSS-2026-00556,4.3,Ledsagarservice,9 § 3 LSS,Sara Hedlund,LSS-handläggare,,Moa Sjödin,19680424-9289,Bifall
16,2026-08-19,BIS-2026-04470,3.3,Särskild boendeform för äldre,11 kap. 1 § SoL,Karin Bäckström,Biståndshandläggare,,Gunborg Persson,19440522-9206,Bifall
17,2026-08-19,VON 2026/00597,7.2,"Avrop av konsultstöd, verksamhetssystem",19 kap. LOU,Helena Borg,Verksamhetschef,412000,Omsorgsdata Nord AB,556733-9051,Tilldelning
18,2026-08-20,LSS-2026-00560,4.2,Personlig assistans,9 § 2 LSS,Lena Sjöström,Enhetschef myndighetsenheten,,Viktor Almqvist,19720203-9272,Avslag
19,2026-08-20,VON 2026/00603,8.1,"Anställning av enhetschef, hemtjänst Nacksta",–,Helena Borg,Verksamhetschef,,Johan Lundmark,,Anställning från 2026-10-01
20,2026-08-21,AVG-2026-01203,5.3,Avskrivning av avgiftsfordran,32 kap. SoL,Anders Holm,Enhetschef avgiftsenheten,,Nils Åberg,19250101-9216,Avskrivning 7 850 kr
21,2026-08-21,VON 2026/00612,6.2,"Avslut av lex Sarah-utredning utan anmälan till IVO, Björkbackens äldreboende",27 kap. 5–6 §§ SoL,Frida Sundin,Kvalitetsstrateg,,–,,Utredningen avslutas utan anmälan
22,2026-08-24,BIS-2026-04491,3.1,Hemtjänst,4 kap. 1 § SoL,Jonas Lind,Biståndshandläggare,,Märta Lundberg,19491013-2507,Bifall
23,2026-08-24,VON 2026/00619,6.1,"Beslut att inleda utredning av lex Sarah-rapport, hemtjänst Nacksta",27 kap. 5 § SoL,Tobias Grahn,Enhetschef,,–,,Utredning inleds
24,2026-08-25,BIS-2026-04503,3.6,Trygghetslarm,11 kap. 1 § SoL,Maria Öberg,Biståndshandläggare,,Olof Strand,19201114-9255,Bifall
25,2026-08-26,BIS-2026-04512,3.5,Korttidsvistelse,11 kap. 1 § SoL,Karin Bäckström,Biståndshandläggare,,Signe Dahl,19461130-5469,Bifall
26,2026-08-27,VON 2026/00624,9.1,"Yttrande till IVO i tillsynsärende om bemanning nattetid, brådskande",6 kap. 39 § KL,Margareta Ekholm,Ordförande,,Inspektionen för vård och omsorg,,Yttrande avgivet
