Ärende,Inkom,Kategori,Prio,Adress,Beskrivning,Anmälare,Telefon,Status,Åtgärdad,Utförare
FA-2026-10204,2026-09-01 07:15,GATA,1,Köpmangatan 9,Djupt hål i körbanan vid busshållplatsen,Ingrid Söderlund,070-440 18 27,30,2026-09-01 12:05,Norrväg Drift AB
FA-2026-10211,2026-09-02 11:40,SKYLT,2,Bergsgatan 41,Vägvisningsskylt vriden,–,–,30,2026-09-03 09:30,Norrväg Drift AB
FA-2026-10219,2026-09-03 19:22,BEL,1,Nacksta torg,Belysningsstolpe påkörd och lutar,Johan Pettersson,073-560 21 08,30,2026-09-04 08:50,Ljuspunkten Norr AB
FA-2026-10224,2026-09-04 08:05,GATA,1,Esplanaden/Storgatan,"Trafiksignalstolpe påkörd, ligger i gångbanan",–,–,40,2026-09-04 11:47,Norrväg Drift AB
FA-2026-10233,2026-09-07 06:30,GC,1,Gång- och cykeltunneln vid Västermalm,Glaskross och lös betong i tunneln,Sofia Berglund,070-812 90 34,40,2026-09-07 11:20,Norrväg Drift AB
FA-2026-10238,2026-09-08 09:15,GATA,2,Skepparegatan 3,Kantsten lös efter plogning,–,–,30,2026-09-11 10:00,Norrväg Drift AB
FA-2026-10240,2026-09-08 10:02,GATA,2,Skepparegatan 3,Kantstenen har lossnat,Ove Hägglund,060-61 20 77,90,–,Norrväg Drift AB
FA-2026-10246,2026-09-10 15:48,PARK,1,Badhusparken,"Lekplatsgunga trasig, vass kant",Emma Wallin,076-221 04 55,30,2026-09-11 09:30,Parkenheten (egen regi)
FA-2026-10251,2026-09-14 13:10,GC,2,"Sidsjövägen, gång- och cykelvägen","Stora sprickor, cyklist har fallit",–,–,30,2026-09-16 12:40,Norrväg Drift AB
FA-2026-10257,2026-09-15 07:55,KLOTT,3,Gångtunneln under Esplanaden,Klotter på stödmur,–,–,30,2026-09-29 13:00,Norrväg Drift AB
FA-2026-10262,2026-09-17 22:40,GATA,1,Norra vägen 58,Oljespill i körbanan efter trafikolycka,Lennart Åström,070-298 41 16,30,2026-09-18 01:55,Norrväg Drift AB
FA-2026-10268,2026-09-21 06:05,SKYLT,1,Timmervägen/Bosvedjevägen,Väjningspliktsskylt borta,Helena Ahlström,070-392 16 40,30,2026-09-21 12:20,Norrväg Drift AB
FA-2026-10275,2026-09-23 16:20,BEL,2,"Haga, Nybrogatan",Tre armaturer släckta,–,–,30,2026-09-28 10:00,Ljuspunkten Norr AB
FA-2026-10281,2026-09-24 08:30,GATA,2,Bankgatan 12,Brunnslock skramlar och har sjunkit,Per-Olof Nyberg,070-715 33 92,30,2026-09-25 14:05,Norrväg Drift AB
FA-2026-10288,2026-09-28 10:15,GC,2,"Stadsbron, gångbanan",Räcke lossnat på ett ställe,–,–,40,2026-09-30 13:45,Norrväg Drift AB
