arendenummer,inkom_datum,kanal,forvaltning,enhet,kategori,typ,fritext,atgard,besvarad_datum,svarstid_dagar
SYN-2026-1101,2026-07-01,Telefon,Vård- och omsorgsförvaltningen,Hemtjänst Nacksta,Kontinuitet,Klagomål,Det kommer nya personer nästan varje besök och ingen vet hur min mamma vill ha det på morgonen.,"Åtgärdat, rutin förtydligad",2026-07-04,3
SYN-2026-1102,2026-07-02,Telefon,Vård- och omsorgsförvaltningen,Hemtjänst Nacksta,Kontinuitet,Klagomål,Kvällsbesöket har kommit vid sex olika tider den här månaden. Mamma vet inte när hon kan gå och lägga sig.,"Besvarat, ingen åtgärd",2026-07-15,13
SYN-2026-1103,2026-07-04,E-tjänst,Vård- och omsorgsförvaltningen,Dagverksamhet Kastanjen,Beröm,Beröm,Dagverksamheten är fantastisk. Min man ser fram emot varje tisdag.,Återkopplat till personalgruppen,2026-07-05,1
SYN-2026-1104,2026-07-04,Telefon,Vård- och omsorgsförvaltningen,Hemtjänst Haga,Beröm,Beröm,Stort tack till morgongruppen som märkte att pappa var sjuk och ringde sjuksköterskan direkt.,Återkopplat till personalgruppen,2026-07-05,1
SYN-2026-1105,2026-07-04,Telefon,Vård- och omsorgsförvaltningen,Hemtjänst Nacksta,Tillgänglighet,Klagomål,Det går inte att komma fram på telefon till hemtjänstgruppen. Telefontiden är bara en timme per dag.,Samtal med enhetschef,2026-07-14,10
SYN-2026-1106,2026-07-06,E-tjänst,Vård- och omsorgsförvaltningen,Särskilt boende Bydalen,Tillgänglighet,Klagomål,Det går inte att nå avdelningen på telefon efter klockan 16. Vi anhöriga vet inte hur mamma mår.,"Besvarat, ingen åtgärd",2026-07-13,7
SYN-2026-1107,2026-07-08,Besök,Vård- och omsorgsförvaltningen,Hemtjänst Haga,Beröm,Beröm,Ni gör ett fantastiskt jobb trots att ni har så lite tid. Tack för all omtanke under sommaren.,Återkopplat till personalgruppen,2026-07-11,3
SYN-2026-1108,2026-07-08,E-tjänst,Vård- och omsorgsförvaltningen,Hemtjänst Haga,Tillgänglighet,Klagomål,Nyckelskåpet vid porten fungerar inte och personalen kommer inte in. Felet anmäldes för en månad sedan.,Diskuterat på arbetsplatsträff,2026-07-12,4
SYN-2026-1109,2026-07-09,Telefon,Vård- och omsorgsförvaltningen,Biståndsenheten,Handläggningstid,Klagomål,Vi har väntat länge på besked om korttidsvistelse och vet inte hur vi ska planera hösten.,"Besvarat, ingen åtgärd",2026-07-15,6
SYN-2026-1110,2026-07-10,E-tjänst,Vård- och omsorgsförvaltningen,Hemtjänst Skönsberg,Kontinuitet,Klagomål,Det har varit fyra olika personer på förmiddagsbesöket den här veckan och ingen visste om medicinen var tagen.,Samtal med enhetschef,2026-07-25,15
SYN-2026-1111,2026-07-11,E-tjänst,Vård- och omsorgsförvaltningen,Korttidsboende Solvik,Information,Synpunkt,Ingen berättade när min far skulle skrivas ut. Vi fick veta det av en annan anhörig.,Vidarebefordrat till biståndsenheten,2026-07-25,14
SYN-2026-1112,2026-07-12,Telefon,Vård- och omsorgsförvaltningen,Särskilt boende Tallbacken,Mat och måltider,Klagomål,Portionerna är för stora och ingen hjälper till att dela maten för dem som behöver det.,Samtal med enhetschef,2026-07-30,18
SYN-2026-1113,2026-07-16,Brev,Vård- och omsorgsförvaltningen,Korttidsboende Solvik,Information,Synpunkt,Vi fick inte veta att korttidsplatsen skulle flyttas till en annan avdelning förrän samma dag.,Vidarebefordrat till biståndsenheten,2026-07-20,4
SYN-2026-1114,2026-07-17,E-tjänst,Vård- och omsorgsförvaltningen,Hemtjänst Nacksta,Kontinuitet,Klagomål,Vi har bett om fasta tider för dusch men tiden ändras hela tiden och ingen ringer och säger till.,Diskuterat på arbetsplatsträff,2026-07-20,3
SYN-2026-1115,2026-07-19,Telefon,Vård- och omsorgsförvaltningen,Biståndsenheten,Handläggningstid,Klagomål,Ingen har hört av sig sedan ansökan om avlösning skickades in i juni.,"Åtgärdat, rutin förtydligad",2026-07-28,9
SYN-2026-1116,2026-07-21,E-tjänst,Vård- och omsorgsförvaltningen,Hemtjänst Skönsberg,Beröm,Beröm,Tack till personalen som hjälpte mig att komma ut i trädgården i somras. Det betydde mycket.,Återkopplat till personalgruppen,2026-07-25,4
SYN-2026-1117,2026-07-21,E-tjänst,Vård- och omsorgsförvaltningen,Korttidsboende Solvik,Mat och måltider,Klagomål,Min man fick inte den konsistensanpassade kost han behöver efter sin sväljsvårighet.,Åtgärdat i genomförandeplanen,2026-08-04,14
SYN-2026-1118,2026-07-22,Telefon,Vård- och omsorgsförvaltningen,Särskilt boende Bydalen,Beröm,Beröm,Sommarfesten på gården var fantastisk. Tack till all personal som ordnade den.,Återkopplat till personalgruppen,2026-07-24,2
SYN-2026-1119,2026-07-22,Telefon,Vård- och omsorgsförvaltningen,Särskilt boende Tallbacken,Bemötande,Klagomål,En ur personalen skrek åt min far i matsalen inför andra boende. Det var förnedrande.,Diskuterat på arbetsplatsträff,2026-08-02,11
SYN-2026-1120,2026-07-23,Telefon,Vård- och omsorgsförvaltningen,Biståndsenheten,Handläggningstid,Klagomål,Det tog sju veckor innan någon kom på hembesök efter ansökan om hemtjänst.,"Besvarat, ingen åtgärd",2026-08-10,18
SYN-2026-1121,2026-07-23,E-tjänst,Vård- och omsorgsförvaltningen,Särskilt boende Tallbacken,Kvalitet i insats,Klagomål,Min mor sitter i rullstolen hela dagarna. Hon har inte fått komma ut sedan i juni.,"Åtgärdat, rutin förtydligad",2026-08-12,20
SYN-2026-1122,2026-07-26,Telefon,Vård- och omsorgsförvaltningen,Biståndsenheten,Information,Synpunkt,Det saknas information om hemtjänst på andra språk än svenska.,"Åtgärdat, rutin förtydligad",2026-08-11,16
SYN-2026-1123,2026-07-29,Telefon,Vård- och omsorgsförvaltningen,Hemtjänst Haga,Kvalitet i insats,Klagomål,Städningen görs slarvigt. Badrummet har inte blivit rengjort på tre veckor.,Diskuterat på arbetsplatsträff,2026-08-04,6
SYN-2026-1124,2026-07-29,E-tjänst,Vård- och omsorgsförvaltningen,Hemtjänst Nacksta,Kvalitet i insats,Klagomål,Tillsynen på natten uteblev två gånger. Min far låg på golvet i flera timmar innan någon kom.,Åtgärdat i genomförandeplanen,2026-08-10,12
SYN-2026-1125,2026-08-01,E-tjänst,Vård- och omsorgsförvaltningen,Hemtjänst Nacksta,Kontinuitet,Klagomål,Under en vecka kom elva olika personer. Min far blir orolig och vill inte öppna dörren för okända.,Samtal med enhetschef,2026-08-18,17
SYN-2026-1126,2026-08-02,Telefon,Vård- och omsorgsförvaltningen,Hemtjänst Haga,Kontinuitet,Klagomål,Efter att kontaktmannen slutade har ingen tagit över. Vi vet inte vem vi ska vända oss till.,Åtgärdat i genomförandeplanen,2026-08-18,16
SYN-2026-1127,2026-08-02,E-tjänst,Vård- och omsorgsförvaltningen,Hemtjänst Nacksta,Bemötande,Klagomål,Personalen stressade igenom duschen och pratade i telefon under tiden. Jag kände mig som ett paket.,"Åtgärdat, rutin förtydligad",2026-08-25,23
SYN-2026-1128,2026-08-03,Telefon,Vård- och omsorgsförvaltningen,Särskilt boende Tallbacken,Kvalitet i insats,Klagomål,Pappas hörapparat har varit borta i tre veckor och ingen har letat efter den.,"Åtgärdat, rutin förtydligad",2026-08-15,12
SYN-2026-1129,2026-08-04,Brev,Vård- och omsorgsförvaltningen,Biståndsenheten,Bemötande,Klagomål,Handläggaren var nedlåtande och förklarade inte varför ansökan tog så lång tid.,"Besvarat, ingen åtgärd",2026-08-07,3
SYN-2026-1130,2026-08-06,Telefon,Vård- och omsorgsförvaltningen,Biståndsenheten,Handläggningstid,Klagomål,Ansökan om särskilt boende lämnades in i april och vi har fortfarande inte fått något beslut.,Diskuterat på arbetsplatsträff,2026-08-27,21
SYN-2026-1131,2026-08-06,Telefon,Vård- och omsorgsförvaltningen,Hemtjänst Skönsberg,Bemötande,Klagomål,Jag upplever att man inte lyssnar när jag säger att jag har ont. Det känns som att jag stör.,"Besvarat, ingen åtgärd",2026-08-15,9
SYN-2026-1132,2026-08-06,Besök,Vård- och omsorgsförvaltningen,Särskilt boende Bydalen,Kvalitet i insats,Klagomål,Larmet på min fars rum har inte fungerat på en vecka. Personalen visste inte om det.,Samtal med enhetschef,2026-08-24,18
SYN-2026-1133,2026-08-07,Besök,Vård- och omsorgsförvaltningen,Hemtjänst Haga,Kontinuitet,Klagomål,Samma person kommer aldrig två gånger i rad. Ingen vet att min man inte tål att bli väckt hastigt.,"Åtgärdat, rutin förtydligad",2026-08-10,3
SYN-2026-1134,2026-08-07,Telefon,Vård- och omsorgsförvaltningen,Särskilt boende Tallbacken,Bemötande,Klagomål,Personalen pratade över huvudet på min mamma Ingrid Sjöberg (19420502-9186) och sa att hon var besvärlig för att hon har demens.,Diskuterat på arbetsplatsträff,2026-08-20,13
SYN-2026-1135,2026-08-10,E-tjänst,Vård- och omsorgsförvaltningen,Hemtjänst Haga,Kvalitet i insats,Klagomål,Inköpen blir fel varje vecka. Det kommer laktosmjölk fast pappa inte ska ha det.,"Åtgärdat, rutin förtydligad",2026-09-01,22
SYN-2026-1136,2026-08-10,Besök,Vård- och omsorgsförvaltningen,Hemtjänst Nacksta,Tillgänglighet,Klagomål,Ingen svarar på meddelanden i appen. Vi har väntat i tre dagar på återkoppling om ändrade tider.,"Åtgärdat, rutin förtydligad",2026-08-16,6
SYN-2026-1137,2026-08-10,Telefon,Vård- och omsorgsförvaltningen,Hemtjänst Nacksta,Kontinuitet,Klagomål,Min pappa Arne Holmberg har fått sju olika personer på en vecka och är förvirrad efter sin stroke. Han klarar inte alla nya ansikten.,"Besvarat, ingen åtgärd",2026-08-22,12
SYN-2026-1138,2026-08-12,E-tjänst,Vård- och omsorgsförvaltningen,Dagverksamhet Kastanjen,Beröm,Beröm,Tack för sångstunderna. Mamma sjunger hela vägen hem i färdtjänsten.,Återkopplat till personalgruppen,2026-08-14,2
SYN-2026-1139,2026-08-13,Besök,Vård- och omsorgsförvaltningen,Särskilt boende Tallbacken,Beröm,Beröm,Stort tack till personalen som firade min mammas 90-årsdag med tårta och sång.,Återkopplat till personalgruppen,2026-08-16,3
SYN-2026-1140,2026-08-16,Telefon,Vård- och omsorgsförvaltningen,Hemtjänst Haga,Information,Synpunkt,Vi fick inget besked om att besöket på midsommarafton ställdes in. Mamma satt och väntade hela förmiddagen.,Samtal med enhetschef,2026-09-08,23
SYN-2026-1141,2026-08-16,E-tjänst,Vård- och omsorgsförvaltningen,Hemtjänst Nacksta,Beröm,Beröm,Tack till Sofia i kvällsgruppen som alltid tar sig tid och skojar med min pappa. Det gör hans dag.,Återkopplat till personalgruppen,2026-08-21,5
SYN-2026-1142,2026-08-20,E-tjänst,Vård- och omsorgsförvaltningen,Särskilt boende Tallbacken,Mat och måltider,Klagomål,Maten serveras ljummen och det är för lång tid mellan kvällsmat och frukost.,Åtgärdat i genomförandeplanen,2026-09-01,12
SYN-2026-1143,2026-08-21,Brev,Vård- och omsorgsförvaltningen,Hemtjänst Nacksta,Bemötande,Klagomål,Personalen pratar sitt eget språk med varandra under besöket och jag förstår inte vad som händer.,Samtal med enhetschef,2026-09-01,11
SYN-2026-1144,2026-08-22,E-tjänst,Vård- och omsorgsförvaltningen,Korttidsboende Solvik,Kvalitet i insats,Klagomål,Pappa fick inte sin träning under vistelsen trots att det var syftet med korttidsplatsen.,"Besvarat, ingen åtgärd",2026-09-01,10
SYN-2026-1145,2026-08-23,E-tjänst,Vård- och omsorgsförvaltningen,Hemtjänst Nacksta,Kontinuitet,Klagomål,Ingen av de som kommer har läst genomförandeplanen. Jag får förklara om och om igen hur min rullstol ska stå.,"Besvarat, ingen åtgärd",2026-09-11,19
SYN-2026-1146,2026-08-23,Telefon,Vård- och omsorgsförvaltningen,Hemtjänst Skönsberg,Kvalitet i insats,Klagomål,Medicinerna delades ut för sent flera kvällar i rad.,Åtgärdat i genomförandeplanen,2026-09-03,11
SYN-2026-1147,2026-08-26,Telefon,Vård- och omsorgsförvaltningen,Biståndsenheten,Bemötande,Klagomål,Jag fick höra att jag borde vara tacksam för det jag redan har. Det kändes mycket kränkande.,Åtgärdat i genomförandeplanen,2026-09-10,15
SYN-2026-1148,2026-08-26,Besök,Vård- och omsorgsförvaltningen,Särskilt boende Tallbacken,Mat och måltider,Klagomål,Frukosten serveras först klockan tio på helgerna. De boende är hungriga och oroliga.,Diskuterat på arbetsplatsträff,2026-09-18,23
SYN-2026-1149,2026-08-27,Telefon,Vård- och omsorgsförvaltningen,Särskilt boende Tallbacken,Mat och måltider,Klagomål,Det finns inget att välja på. Samma soppa serverades tre dagar i rad.,Diskuterat på arbetsplatsträff,2026-08-31,4
SYN-2026-1150,2026-08-27,E-tjänst,Vård- och omsorgsförvaltningen,Särskilt boende Tallbacken,Beröm,Beröm,Nattpersonalen är lugna och trygga. Tack för att ni satt hos pappa den sista natten.,Återkopplat till personalgruppen,2026-08-29,2
SYN-2026-1151,2026-08-28,E-tjänst,Vård- och omsorgsförvaltningen,Särskilt boende Tallbacken,Kvalitet i insats,Klagomål,Sängkläderna byts för sällan och rummet har inte vädrats.,Diskuterat på arbetsplatsträff,2026-09-08,11
SYN-2026-1152,2026-08-29,Telefon,Vård- och omsorgsförvaltningen,Hemtjänst Nacksta,Bemötande,Klagomål,En ur personalen var otrevlig i telefon och lade på när jag frågade om min fars mediciner.,Åtgärdat i genomförandeplanen,2026-09-10,12
SYN-2026-1153,2026-08-29,Besök,Vård- och omsorgsförvaltningen,Särskilt boende Bydalen,Kvalitet i insats,Klagomål,Min mor har fått trycksår som ingen berättade om för oss anhöriga.,"Besvarat, ingen åtgärd",2026-09-15,17
SYN-2026-1154,2026-08-31,Brev,Vård- och omsorgsförvaltningen,Dagverksamhet Kastanjen,Övrigt,Förslag,Önskar att dagverksamheten kunde ha öppet även på lördagar.,"Besvarat, ingen åtgärd",2026-09-13,13
SYN-2026-1155,2026-08-31,Telefon,Vård- och omsorgsförvaltningen,Särskilt boende Tallbacken,Mat och måltider,Klagomål,Min mor har diabetes men får samma efterrätt som alla andra. Ingen verkar känna till hennes kost.,Åtgärdat i genomförandeplanen,2026-09-05,5
SYN-2026-1156,2026-09-01,E-tjänst,Vård- och omsorgsförvaltningen,Hemtjänst Skönsberg,Kvalitet i insats,Klagomål,Tvätten har legat blöt i maskinen i två dagar och luktar illa.,Samtal med enhetschef,2026-09-23,22
SYN-2026-1157,2026-09-02,E-tjänst,Vård- och omsorgsförvaltningen,Hemtjänst Nacksta,Kvalitet i insats,Klagomål,Promenaden som ingår i beslutet har inte blivit av sedan i maj.,"Åtgärdat, rutin förtydligad",2026-09-07,5
SYN-2026-1158,2026-09-03,Brev,Vård- och omsorgsförvaltningen,Hemtjänst Nacksta,Kontinuitet,Klagomål,Vi fick aldrig veta vem som är kontaktman. Varje gång vi ringer får vi prata med någon ny.,Diskuterat på arbetsplatsträff,2026-09-25,22
SYN-2026-1159,2026-09-06,E-tjänst,Vård- och omsorgsförvaltningen,Hemtjänst Skönsberg,Kontinuitet,Klagomål,Varannan dag kommer någon som inte har varit här förut och inte hittar hjälpmedlen.,"Besvarat, ingen åtgärd",2026-09-18,12
SYN-2026-1160,2026-09-08,E-tjänst,Vård- och omsorgsförvaltningen,Särskilt boende Bydalen,Beröm,Beröm,Tack för ett fint bemötande vid inflyttningen. Vi kände oss mycket välkomna.,Återkopplat till personalgruppen,2026-09-13,5
SYN-2026-1161,2026-09-08,E-tjänst,Vård- och omsorgsförvaltningen,Särskilt boende Tallbacken,Mat och måltider,Klagomål,Maten luktade bränt och kaffet var kallt vid besöket i augusti. Det här är de boendes hem.,Samtal med enhetschef,2026-09-23,15
SYN-2026-1162,2026-09-09,E-tjänst,Vård- och omsorgsförvaltningen,Biståndsenheten,Handläggningstid,Klagomål,Utredningen om trygghetslarm har tagit mer än en månad fast min mor har fallit två gånger.,Samtal med enhetschef,2026-09-28,19
SYN-2026-1163,2026-09-11,E-tjänst,Vård- och omsorgsförvaltningen,Biståndsenheten,Information,Synpunkt,Informationen om avgifter är svår att förstå. Det borde finnas ett räkneexempel.,"Åtgärdat, rutin förtydligad",2026-09-20,9
SYN-2026-1164,2026-09-11,E-tjänst,Vård- och omsorgsförvaltningen,Hemtjänst Haga,Kontinuitet,Klagomål,Min mor har fått nio olika personer på två veckor. Hon har börjat ringa mig mitt i natten för att hon är rädd.,"Besvarat, ingen åtgärd",2026-09-15,4
SYN-2026-1165,2026-09-11,Telefon,Vård- och omsorgsförvaltningen,Särskilt boende Bydalen,Mat och måltider,Klagomål,Kvällsmaten är för enkel. Smörgås och välling fem kvällar i rad är inte rimligt.,"Åtgärdat, rutin förtydligad",2026-09-25,14
SYN-2026-1166,2026-09-14,E-tjänst,Vård- och omsorgsförvaltningen,Biståndsenheten,Handläggningstid,Klagomål,Beslutet om ledsagning har dröjt i två månader utan besked.,Under utredning,,
SYN-2026-1167,2026-09-14,Telefon,Vård- och omsorgsförvaltningen,Korttidsboende Solvik,Beröm,Beröm,Tack till all personal för en trygg vistelse. Mamma kom hem starkare än hon åkte.,Återkopplat till personalgruppen,2026-09-18,4
SYN-2026-1168,2026-09-16,Brev,Vård- och omsorgsförvaltningen,Biståndsenheten,Information,Synpunkt,Beslutet innehöll ord vi inte förstod. Skriv enklare.,Åtgärdat i genomförandeplanen,2026-09-25,9
SYN-2026-1169,2026-09-17,Besök,Vård- och omsorgsförvaltningen,Hemtjänst Nacksta,Kvalitet i insats,Klagomål,Matlådan ställdes i kylen men ingen såg till att min mor åt. Den stod kvar orörd nästa dag.,Under utredning,,
SYN-2026-1170,2026-09-18,E-tjänst,Vård- och omsorgsförvaltningen,Särskilt boende Tallbacken,Övrigt,Förslag,"Det vore bra med fler aktiviteter utomhus på eftermiddagarna, till exempel en odlingslåda på gården.",Samtal med enhetschef,2026-10-09,21
SYN-2026-1171,2026-09-19,Besök,Vård- och omsorgsförvaltningen,Dagverksamhet Kastanjen,Beröm,Beröm,Personalen är varm och kunnig. Det har gett mig som anhörig möjlighet att vila.,Återkopplat till personalgruppen,2026-09-23,4
SYN-2026-1172,2026-09-20,Brev,Vård- och omsorgsförvaltningen,Biståndsenheten,Handläggningstid,Klagomål,Jag har ringt fyra gånger om beslutet men handläggaren är på semester och ingen annan kan svara.,Under utredning,,
SYN-2026-1173,2026-09-20,Telefon,Vård- och omsorgsförvaltningen,Hemtjänst Nacksta,Kvalitet i insats,Klagomål,Stödstrumporna sätts inte på trots att det står i planen. Benen svullnar upp på eftermiddagen.,Under utredning,,
SYN-2026-1174,2026-09-21,Telefon,Vård- och omsorgsförvaltningen,Hemtjänst Skönsberg,Beröm,Beröm,Min kontaktman har koll på allt och ringer alltid om något ändras. Hon är guld värd.,Återkopplat till personalgruppen,2026-09-25,4
SYN-2026-1175,2026-09-26,Besök,Vård- och omsorgsförvaltningen,Hemtjänst Nacksta,Kontinuitet,Klagomål,Nästan bara vikarier under sommaren. De hittar inte nyckelgömman och frågar samma saker varje gång.,Under utredning,,
