tur,linje,dag,datum,hallplats_skola,planerad_ankomst,antal_elever
SK-411,Stöde norra,måndag,2026-10-05,Stöde skola,07:40,9
SK-412,Stöde södra,måndag,2026-10-05,Stöde skola,07:45,11
SK-421,Kovland,måndag,2026-10-05,Kovlands skola,07:50,7
SK-431,Liden,måndag,2026-10-05,Lidens skola,08:05,6
SK-411,Stöde norra,tisdag,2026-10-06,Stöde skola,07:40,9
SK-412,Stöde södra,tisdag,2026-10-06,Stöde skola,07:45,11
SK-421,Kovland,tisdag,2026-10-06,Kovlands skola,07:50,7
SK-431,Liden,tisdag,2026-10-06,Lidens skola,08:05,6
SK-411,Stöde norra,onsdag,2026-10-07,Stöde skola,07:40,9
SK-412,Stöde södra,onsdag,2026-10-07,Stöde skola,07:45,11
SK-421,Kovland,onsdag,2026-10-07,Kovlands skola,07:50,7
SK-431,Liden,onsdag,2026-10-07,Lidens skola,08:05,6
SK-411,Stöde norra,torsdag,2026-10-08,Stöde skola,07:40,9
SK-412,Stöde södra,torsdag,2026-10-08,Stöde skola,07:45,11
SK-421,Kovland,torsdag,2026-10-08,Kovlands skola,07:50,7
SK-431,Liden,torsdag,2026-10-08,Lidens skola,08:05,6
SK-411,Stöde norra,fredag,2026-10-09,Stöde skola,07:40,9
SK-412,Stöde södra,fredag,2026-10-09,Stöde skola,07:45,11
SK-421,Kovland,fredag,2026-10-09,Kovlands skola,07:50,7
SK-431,Liden,fredag,2026-10-09,Lidens skola,08:05,6
