Provpunkt,Labbnummer,Provtagningsdatum,Parameter,Resultat,Enhet,Mätosäkerhet,Anmärkning
PP-01,L2618734-1,2026-08-24,Arsenik As,"3,1",mg/kg TS,±30 %,
PP-01,L2618734-1,2026-08-24,Bly Pb,12,mg/kg TS,±25 %,
PP-01,L2618734-1,2026-08-24,Kadmium Cd,"<0,1",mg/kg TS,,
PP-01,L2618734-1,2026-08-24,Krom Cr,14,mg/kg TS,±25 %,
PP-01,L2618734-1,2026-08-24,Koppar Cu,11,mg/kg TS,±25 %,
PP-01,L2618734-1,2026-08-24,Kvicksilver Hg,"<0,04",mg/kg TS,,
PP-01,L2618734-1,2026-08-24,Nickel Ni,"9,8",mg/kg TS,±25 %,
PP-01,L2618734-1,2026-08-24,Zink Zn,46,mg/kg TS,±25 %,
PP-01,L2618734-1,2026-08-24,PAH-L,"<0,15",mg/kg TS,,
PP-01,L2618734-1,2026-08-24,PAH-M,"0,31",mg/kg TS,±35 %,
PP-01,L2618734-1,2026-08-24,PAH-H,"0,22",mg/kg TS,±35 %,
PP-02,L2618734-2,2026-08-24,Arsenik As,"4,4",mg/kg TS,±30 %,
PP-02,L2618734-2,2026-08-24,Bly Pb,24,mg/kg TS,±25 %,
PP-02,L2618734-2,2026-08-24,Kadmium Cd,"0,14",mg/kg TS,±30 %,
PP-02,L2618734-2,2026-08-24,Krom Cr,18,mg/kg TS,±25 %,
PP-02,L2618734-2,2026-08-24,Koppar Cu,27,mg/kg TS,±25 %,
PP-02,L2618734-2,2026-08-24,Kvicksilver Hg,"0,05",mg/kg TS,±30 %,
PP-02,L2618734-2,2026-08-24,Nickel Ni,12,mg/kg TS,±25 %,
PP-02,L2618734-2,2026-08-24,Zink Zn,140,mg/kg TS,±25 %,
PP-02,L2618734-2,2026-08-24,PAH-L,"<0,15",mg/kg TS,,
PP-02,L2618734-2,2026-08-24,PAH-M,"0,88",mg/kg TS,±35 %,
PP-02,L2618734-2,2026-08-24,PAH-H,"0,41",mg/kg TS,±35 %,
PP-03,L2618734-3,2026-08-24,Arsenik As,"2,8",mg/kg TS,±30 %,
PP-03,L2618734-3,2026-08-24,Bly Pb,15,mg/kg TS,±25 %,
PP-03,L2618734-3,2026-08-24,Kadmium Cd,"<0,1",mg/kg TS,,
PP-03,L2618734-3,2026-08-24,Krom Cr,12,mg/kg TS,±25 %,
PP-03,L2618734-3,2026-08-24,Koppar Cu,16,mg/kg TS,±25 %,
PP-03,L2618734-3,2026-08-24,Kvicksilver Hg,"<0,04",mg/kg TS,,
PP-03,L2618734-3,2026-08-24,Nickel Ni,"8,5",mg/kg TS,±25 %,
PP-03,L2618734-3,2026-08-24,Zink Zn,58,mg/kg TS,±25 %,
PP-03,L2618734-3,2026-08-24,PAH-L,"<0,15",mg/kg TS,,
PP-03,L2618734-3,2026-08-24,PAH-M,"0,52",mg/kg TS,±35 %,
PP-03,L2618734-3,2026-08-24,PAH-H,"0,38",mg/kg TS,±35 %,
PP-04,L2618734-4,2026-08-24,Arsenik As,"6,2",mg/kg TS,±30 %,
PP-04,L2618734-4,2026-08-24,Bly Pb,68,mg/kg TS,±25 %,
PP-04,L2618734-4,2026-08-24,Kadmium Cd,"0,31",mg/kg TS,±30 %,
PP-04,L2618734-4,2026-08-24,Krom Cr,26,mg/kg TS,±25 %,
PP-04,L2618734-4,2026-08-24,Koppar Cu,52,mg/kg TS,±25 %,
PP-04,L2618734-4,2026-08-24,Kvicksilver Hg,"0,09",mg/kg TS,±30 %,
PP-04,L2618734-4,2026-08-24,Nickel Ni,15,mg/kg TS,±25 %,
PP-04,L2618734-4,2026-08-24,Zink Zn,310,mg/kg TS,±25 %,
PP-04,L2618734-4,2026-08-24,PAH-L,"0,21",mg/kg TS,±35 %,
PP-04,L2618734-4,2026-08-24,PAH-M,"1,1",mg/kg TS,±35 %,
PP-04,L2618734-4,2026-08-24,PAH-H,"0,74",mg/kg TS,±35 %,
PP-05,L2618734-5,2026-08-24,Arsenik As,"3,6",mg/kg TS,±30 %,
PP-05,L2618734-5,2026-08-24,Bly Pb,19,mg/kg TS,±25 %,
PP-05,L2618734-5,2026-08-24,Kadmium Cd,"0,12",mg/kg TS,±30 %,
PP-05,L2618734-5,2026-08-24,Krom Cr,17,mg/kg TS,±25 %,
PP-05,L2618734-5,2026-08-24,Koppar Cu,22,mg/kg TS,±25 %,
PP-05,L2618734-5,2026-08-24,Kvicksilver Hg,"<0,04",mg/kg TS,,
PP-05,L2618734-5,2026-08-24,Nickel Ni,11,mg/kg TS,±25 %,
PP-05,L2618734-5,2026-08-24,Zink Zn,88,mg/kg TS,±25 %,
PP-05,L2618734-5,2026-08-24,PAH-L,"0,48",mg/kg TS,±35 %,
PP-05,L2618734-5,2026-08-24,PAH-M,"3,1",mg/kg TS,±35 %,
PP-05,L2618734-5,2026-08-24,PAH-H,"1,4",mg/kg TS,±35 %,Asfaltrester i provet
PP-06,L2618734-6,2026-08-24,Arsenik As,"2,5",mg/kg TS,±30 %,
PP-06,L2618734-6,2026-08-24,Bly Pb,11,mg/kg TS,±25 %,
PP-06,L2618734-6,2026-08-24,Kadmium Cd,"<0,1",mg/kg TS,,
PP-06,L2618734-6,2026-08-24,Krom Cr,13,mg/kg TS,±25 %,
PP-06,L2618734-6,2026-08-24,Koppar Cu,10,mg/kg TS,±25 %,
PP-06,L2618734-6,2026-08-24,Kvicksilver Hg,"<0,04",mg/kg TS,,
PP-06,L2618734-6,2026-08-24,Nickel Ni,"8,1",mg/kg TS,±25 %,
PP-06,L2618734-6,2026-08-24,Zink Zn,41,mg/kg TS,±25 %,
PP-06,L2618734-6,2026-08-24,PAH-L,,mg/kg TS,,"Ej analyserad, för lite provmaterial"
PP-06,L2618734-6,2026-08-24,PAH-M,,mg/kg TS,,"Ej analyserad, för lite provmaterial"
PP-06,L2618734-6,2026-08-24,PAH-H,,mg/kg TS,,"Ej analyserad, för lite provmaterial"
