Radnr,Bokföringsdag,Transaktionsdag,Typ,Beskrivning,Belopp,Saldo
1,2025-01-02,2025-01-02,Överföring,Handkassa Solgården fickpengar,"-1 000,00","7 412,35"
2,2025-01-19,2025-01-19,Insättning,Pensionsmyndigheten allmän pension,"13 118,00","20 530,35"
3,2025-01-19,2025-01-19,Insättning,Pensionsmyndigheten bostadstillägg,"3 460,00","23 990,35"
4,2025-01-25,2025-01-25,Insättning,KPA Pension tjänstepension,"1 842,00","25 832,35"
5,2025-01-27,2025-01-27,Autogiro,Norrförsäkringar hemförsäkring,"-138,00","25 694,35"
6,2025-01-28,2025-01-28,Autogiro,Sundsvalls kommun hyra och avgifter Solgården,"-13 171,00","12 523,35"
7,2025-02-02,2025-02-02,Överföring,Handkassa Solgården fickpengar,"-1 000,00","11 523,35"
8,2025-02-18,2025-02-18,Kortköp,Salong Solgården,"-380,00","11 143,35"
9,2025-02-19,2025-02-19,Insättning,Pensionsmyndigheten allmän pension,"13 118,00","24 261,35"
10,2025-02-19,2025-02-19,Insättning,Pensionsmyndigheten bostadstillägg,"3 460,00","27 721,35"
11,2025-02-25,2025-02-25,Insättning,KPA Pension tjänstepension,"1 842,00","29 563,35"
12,2025-02-27,2025-02-27,Autogiro,Norrförsäkringar hemförsäkring,"-138,00","29 425,35"
13,2025-02-28,2025-02-28,Autogiro,Sundsvalls kommun hyra och avgifter Solgården,"-13 171,00","16 254,35"
14,2025-03-02,2025-03-02,Överföring,Handkassa Solgården fickpengar,"-1 000,00","15 254,35"
15,2025-03-11,2025-03-11,Kortköp,Fotvårdsmottagningen Nacksta,"-450,00","14 804,35"
16,2025-03-19,2025-03-19,Insättning,Pensionsmyndigheten allmän pension,"13 118,00","27 922,35"
17,2025-03-19,2025-03-19,Insättning,Pensionsmyndigheten bostadstillägg,"3 460,00","31 382,35"
18,2025-03-25,2025-03-25,Insättning,KPA Pension tjänstepension,"1 842,00","33 224,35"
19,2025-03-27,2025-03-27,Autogiro,Norrförsäkringar hemförsäkring,"-138,00","33 086,35"
20,2025-03-28,2025-03-28,Autogiro,Sundsvalls kommun hyra och avgifter Solgården,"-13 171,00","19 915,35"
21,2025-04-02,2025-04-02,Överföring,Handkassa Solgården fickpengar,"-1 000,00","18 915,35"
22,2025-04-15,2025-04-15,Betalning,Skatteverket skatteavdrag arvode god man,"-2 961,00","15 954,35"
23,2025-04-15,2025-04-15,Överföring,Arvode god man 2024 L Byström,"-9 870,00","6 084,35"
24,2025-04-19,2025-04-19,Insättning,Pensionsmyndigheten allmän pension,"13 118,00","19 202,35"
25,2025-04-19,2025-04-19,Insättning,Pensionsmyndigheten bostadstillägg,"3 460,00","22 662,35"
26,2025-04-25,2025-04-25,Insättning,KPA Pension tjänstepension,"1 842,00","24 504,35"
27,2025-04-27,2025-04-27,Autogiro,Norrförsäkringar hemförsäkring,"-138,00","24 366,35"
28,2025-04-28,2025-04-28,Autogiro,Sundsvalls kommun hyra och avgifter Solgården,"-13 171,00","11 195,35"
29,2025-05-02,2025-05-02,Överföring,Handkassa Solgården fickpengar,"-1 000,00","10 195,35"
30,2025-05-19,2025-05-19,Insättning,Pensionsmyndigheten allmän pension,"13 118,00","23 313,35"
31,2025-05-19,2025-05-19,Insättning,Pensionsmyndigheten bostadstillägg,"3 460,00","26 773,35"
32,2025-05-20,2025-05-20,Kortköp,Salong Solgården,"-380,00","26 393,35"
33,2025-05-25,2025-05-25,Insättning,KPA Pension tjänstepension,"1 842,00","28 235,35"
34,2025-05-27,2025-05-27,Autogiro,Norrförsäkringar hemförsäkring,"-138,00","28 097,35"
35,2025-05-28,2025-05-28,Autogiro,Sundsvalls kommun hyra och avgifter Solgården,"-13 171,00","14 926,35"
36,2025-06-02,2025-06-02,Överföring,Handkassa Solgården fickpengar,"-1 000,00","13 926,35"
37,2025-06-10,2025-06-10,Kortköp,Fotvårdsmottagningen Nacksta,"-450,00","13 476,35"
38,2025-06-12,2025-06-12,Överföring,Från sparkonto 9563 214 558 226-1,"14 500,00","27 976,35"
39,2025-06-13,2025-06-13,Betalning,Folktandvården Sundsvall faktura 5530981,"-16 200,00","11 776,35"
40,2025-06-19,2025-06-19,Insättning,Pensionsmyndigheten allmän pension,"13 118,00","24 894,35"
41,2025-06-19,2025-06-19,Insättning,Pensionsmyndigheten bostadstillägg,"3 460,00","28 354,35"
42,2025-06-25,2025-06-25,Insättning,KPA Pension tjänstepension,"1 842,00","30 196,35"
43,2025-06-27,2025-06-27,Autogiro,Norrförsäkringar hemförsäkring,"-138,00","30 058,35"
44,2025-06-28,2025-06-28,Autogiro,Sundsvalls kommun hyra och avgifter Solgården,"-13 171,00","16 887,35"
45,2025-07-02,2025-07-02,Överföring,Handkassa Solgården fickpengar,"-1 000,00","15 887,35"
46,2025-07-03,2025-07-03,Kontantuttag,Kontantuttag Bankomat Nacksta Centrum,"-2 200,00","13 687,35"
47,2025-07-19,2025-07-19,Insättning,Pensionsmyndigheten allmän pension,"13 118,00","26 805,35"
48,2025-07-19,2025-07-19,Insättning,Pensionsmyndigheten bostadstillägg,"3 460,00","30 265,35"
49,2025-07-25,2025-07-25,Insättning,KPA Pension tjänstepension,"1 842,00","32 107,35"
50,2025-07-27,2025-07-27,Autogiro,Norrförsäkringar hemförsäkring,"-138,00","31 969,35"
51,2025-07-28,2025-07-28,Autogiro,Sundsvalls kommun hyra och avgifter Solgården,"-13 171,00","18 798,35"
52,2025-08-02,2025-08-02,Överföring,Handkassa Solgården fickpengar,"-1 000,00","17 798,35"
53,2025-08-19,2025-08-19,Insättning,Pensionsmyndigheten allmän pension,"13 118,00","30 916,35"
54,2025-08-19,2025-08-19,Insättning,Pensionsmyndigheten bostadstillägg,"3 460,00","34 376,35"
55,2025-08-19,2025-08-19,Kortköp,Salong Solgården,"-380,00","33 996,35"
56,2025-08-25,2025-08-25,Insättning,KPA Pension tjänstepension,"1 842,00","35 838,35"
57,2025-08-27,2025-08-27,Autogiro,Norrförsäkringar hemförsäkring,"-138,00","35 700,35"
58,2025-08-28,2025-08-28,Autogiro,Sundsvalls kommun hyra och avgifter Solgården,"-13 171,00","22 529,35"
59,2025-09-02,2025-09-02,Överföring,Handkassa Solgården fickpengar,"-1 000,00","21 529,35"
60,2025-09-09,2025-09-09,Kortköp,Fotvårdsmottagningen Nacksta,"-450,00","21 079,35"
61,2025-09-19,2025-09-19,Insättning,Pensionsmyndigheten allmän pension,"13 118,00","34 197,35"
62,2025-09-19,2025-09-19,Insättning,Pensionsmyndigheten bostadstillägg,"3 460,00","37 657,35"
63,2025-09-25,2025-09-25,Insättning,KPA Pension tjänstepension,"1 842,00","39 499,35"
64,2025-09-27,2025-09-27,Autogiro,Norrförsäkringar hemförsäkring,"-138,00","39 361,35"
65,2025-09-28,2025-09-28,Autogiro,Sundsvalls kommun hyra och avgifter Solgården,"-13 171,00","26 190,35"
66,2025-10-02,2025-10-02,Överföring,Handkassa Solgården fickpengar,"-1 000,00","25 190,35"
67,2025-10-08,2025-10-08,Kortköp,Klädbutiken Stenstan,"-1 290,00","23 900,35"
68,2025-10-19,2025-10-19,Insättning,Pensionsmyndigheten allmän pension,"13 118,00","37 018,35"
69,2025-10-19,2025-10-19,Insättning,Pensionsmyndigheten bostadstillägg,"3 460,00","40 478,35"
70,2025-10-25,2025-10-25,Insättning,KPA Pension tjänstepension,"1 842,00","42 320,35"
71,2025-10-27,2025-10-27,Autogiro,Norrförsäkringar hemförsäkring,"-138,00","42 182,35"
72,2025-10-28,2025-10-28,Autogiro,Sundsvalls kommun hyra och avgifter Solgården,"-13 171,00","29 011,35"
73,2025-11-02,2025-11-02,Överföring,Handkassa Solgården fickpengar,"-1 000,00","28 011,35"
74,2025-11-18,2025-11-18,Kortköp,Salong Solgården,"-380,00","27 631,35"
75,2025-11-19,2025-11-19,Insättning,Pensionsmyndigheten allmän pension,"13 118,00","40 749,35"
76,2025-11-19,2025-11-19,Insättning,Pensionsmyndigheten bostadstillägg,"3 460,00","44 209,35"
77,2025-11-21,2025-11-21,Betalning,Region Västernorrland Hörselvården,"-670,00","43 539,35"
78,2025-11-25,2025-11-25,Insättning,KPA Pension tjänstepension,"1 842,00","45 381,35"
79,2025-11-27,2025-11-27,Autogiro,Norrförsäkringar hemförsäkring,"-138,00","45 243,35"
80,2025-11-28,2025-11-28,Autogiro,Sundsvalls kommun hyra och avgifter Solgården,"-13 171,00","32 072,35"
81,2025-12-02,2025-12-02,Överföring,Handkassa Solgården fickpengar,"-1 000,00","31 072,35"
82,2025-12-09,2025-12-09,Kortköp,Fotvårdsmottagningen Nacksta,"-450,00","30 622,35"
83,2025-12-19,2025-12-19,Insättning,Pensionsmyndigheten allmän pension,"13 118,00","43 740,35"
84,2025-12-19,2025-12-19,Insättning,Pensionsmyndigheten bostadstillägg,"3 460,00","47 200,35"
85,2025-12-25,2025-12-25,Insättning,KPA Pension tjänstepension,"1 842,00","49 042,35"
86,2025-12-27,2025-12-27,Autogiro,Norrförsäkringar hemförsäkring,"-138,00","48 904,35"
87,2025-12-28,2025-12-28,Autogiro,Sundsvalls kommun hyra och avgifter Solgården,"-13 171,00","35 733,35"
